recruiterID,name,company,email
65626539fc13ae16e74cd2b6,Willa Blamphin,Vinder,wblamphin0@people.com.cn
65626539fc13ae16e74cd2b7,Amory Belford,Vimbo,abelford1@istockphoto.com
65626539fc13ae16e74cd2b8,Ringo Kalinovich,Aibox,rkalinovich2@intel.com
65626539fc13ae16e74cd2b9,Weidar Jolley,Cogilith,wjolley3@delicious.com
65626539fc13ae16e74cd2ba,Bev Bergeau,Buzzbean,bbergeau4@comcast.net
65626539fc13ae16e74cd2bb,Cecilia Cortes,Edgepulse,ccortes5@123-reg.co.uk
65626539fc13ae16e74cd2bc,Brigitte Bearsmore,Gigashots,bbearsmore6@so-net.ne.jp
65626539fc13ae16e74cd2bd,Olwen Jeanes,Eayo,ojeanes7@bandcamp.com
65626539fc13ae16e74cd2be,Nadia Daymont,Riffpedia,ndaymont8@trellian.com
65626539fc13ae16e74cd2bf,Ronnica Eichmann,Dabfeed,reichmann9@tripod.com
65626539fc13ae16e74cd2c0,Stephenie Jarrold,Brainsphere,sjarrolda@mail.ru
65626539fc13ae16e74cd2c1,Trever Reinbach,Quamba,treinbachb@adobe.com
65626539fc13ae16e74cd2c2,Jobey Vankeev,Realmix,jvankeevc@oakley.com
65626539fc13ae16e74cd2c3,Brietta Clapston,Meevee,bclapstond@webeden.co.uk
65626539fc13ae16e74cd2c4,Marline Brockherst,Brainbox,mbrockherste@narod.ru
65626539fc13ae16e74cd2c5,Kati Powderham,Izio,kpowderhamf@mysql.com
65626539fc13ae16e74cd2c6,Sibylle Gambrell,Fivebridge,sgambrellg@phoca.cz
65626539fc13ae16e74cd2c7,Della Spaxman,Thoughtstorm,dspaxmanh@techcrunch.com
65626539fc13ae16e74cd2c8,Frederik Beet,Photobug,fbeeti@miibeian.gov.cn
65626539fc13ae16e74cd2c9,Joice Garling,Gabspot,jgarlingj@columbia.edu
65626539fc13ae16e74cd2ca,Vincenz Clemendot,Realblab,vclemendotk@discuz.net
65626539fc13ae16e74cd2cb,Alick Lavalde,Ntags,alavaldel@nydailynews.com
65626539fc13ae16e74cd2cc,Marlena Kopacek,Midel,mkopacekm@hhs.gov
65626539fc13ae16e74cd2cd,Chance Caird,Rhyloo,ccairdn@who.int
65626539fc13ae16e74cd2ce,Jarvis Westnage,Jaxspan,jwestnageo@tripadvisor.com
65626539fc13ae16e74cd2cf,Tabb Pentercost,Blogtag,tpentercostp@scribd.com
65626539fc13ae16e74cd2d0,Gilbert Organer,Lazzy,gorganerq@illinois.edu
65626539fc13ae16e74cd2d1,Denny Grunwall,Kazio,dgrunwallr@cbsnews.com
65626539fc13ae16e74cd2d2,Tomas Chadwin,Jamia,tchadwins@economist.com
65626539fc13ae16e74cd2d3,Merrile Edis,Skimia,medist@so-net.ne.jp
65626539fc13ae16e74cd2d4,Merline Blincko,Topiczoom,mblinckou@tiny.cc
65626539fc13ae16e74cd2d5,Heinrik Byham,Ntag,hbyhamv@mozilla.com
65626539fc13ae16e74cd2d6,Tamarah Queyos,Gevee,tqueyosw@thetimes.co.uk
65626539fc13ae16e74cd2d7,Hilton Joan,Jetpulse,hjoanx@cmu.edu
65626539fc13ae16e74cd2d8,Terra Ianilli,Bubblebox,tianilliy@gmpg.org
65626539fc13ae16e74cd2d9,Janka Vickors,Aimbu,jvickorsz@furl.net
65626539fc13ae16e74cd2da,Kristos Garz,Teklist,kgarz10@weibo.com
65626539fc13ae16e74cd2db,Duncan Asquez,Mydo,dasquez11@shutterfly.com
65626539fc13ae16e74cd2dc,Chere Szach,Linktype,cszach12@shinystat.com
65626539fc13ae16e74cd2dd,Vince Appleford,Brainlounge,vappleford13@networkadvertising.org
65626539fc13ae16e74cd2de,Tiebout Longman,Skinix,tlongman14@tinypic.com
65626539fc13ae16e74cd2df,Ab Manuelli,Podcat,amanuelli15@apple.com
65626539fc13ae16e74cd2e0,Klarika Moyne,Skalith,kmoyne16@odnoklassniki.ru
65626539fc13ae16e74cd2e1,Ronnie Greeding,Mita,rgreeding17@youtu.be
65626539fc13ae16e74cd2e2,Christalle Madeley,Jaloo,cmadeley18@usgs.gov
65626539fc13ae16e74cd2e3,Roslyn Pattenden,Jazzy,rpattenden19@twitpic.com
65626539fc13ae16e74cd2e4,Natka Sleany,Tambee,nsleany1a@blog.com
65626539fc13ae16e74cd2e5,Killian Brazur,Geba,kbrazur1b@sun.com
65626539fc13ae16e74cd2e6,Tandie Vlasyuk,Centidel,tvlasyuk1c@hexun.com
65626539fc13ae16e74cd2e7,Guthrey Dunston,Topicblab,gdunston1d@technorati.com
65626539fc13ae16e74cd2e8,Cecilia Petasch,Jayo,cpetasch1e@google.fr
65626539fc13ae16e74cd2e9,Gilligan Straun,Jayo,gstraun1f@friendfeed.com
65626539fc13ae16e74cd2ea,Harmony Keetley,Meevee,hkeetley1g@npr.org
65626539fc13ae16e74cd2eb,Keri Scones,Centimia,kscones1h@comsenz.com
65626539fc13ae16e74cd2ec,Rex Batterham,Fliptune,rbatterham1i@nhs.uk
65626539fc13ae16e74cd2ed,Marj Lipyeat,Nlounge,mlipyeat1j@java.com
65626539fc13ae16e74cd2ee,Monroe Parncutt,Plambee,mparncutt1k@twitpic.com
65626539fc13ae16e74cd2ef,Odille McTerlagh,InnoZ,omcterlagh1l@ehow.com
65626539fc13ae16e74cd2f0,Concordia Callis,Twimbo,ccallis1m@bing.com
65626539fc13ae16e74cd2f1,Roselin Carthew,Mydeo,rcarthew1n@angelfire.com
65626539fc13ae16e74cd2f2,Lorrie Rubrow,Skinte,lrubrow1o@bbc.co.uk
65626539fc13ae16e74cd2f3,Dannie Camamill,Youspan,dcamamill1p@booking.com
65626539fc13ae16e74cd2f4,Dall Ancliffe,Photospace,dancliffe1q@google.pl
65626539fc13ae16e74cd2f5,Yetty Dymock,Centimia,ydymock1r@myspace.com
65626539fc13ae16e74cd2f6,Almira Guly,Edgeify,aguly1s@51.la
65626539fc13ae16e74cd2f7,Latisha Quickenden,Wikido,lquickenden1t@weibo.com
65626539fc13ae16e74cd2f8,Rinaldo Mewis,Katz,rmewis1u@walmart.com
65626539fc13ae16e74cd2f9,Merry Alexsandrev,Shufflebeat,malexsandrev1v@qq.com
65626539fc13ae16e74cd2fa,Wolf Tolefree,Aimbo,wtolefree1w@vistaprint.com
65626539fc13ae16e74cd2fb,Maritsa Gladhill,Brightbean,mgladhill1x@umn.edu
65626539fc13ae16e74cd2fc,Jaclin Oiseau,Bluezoom,joiseau1y@merriam-webster.com
65626539fc13ae16e74cd2fd,Lynda Ridding,Fatz,lridding1z@europa.eu
65626539fc13ae16e74cd2fe,Marwin Burling,Skyvu,mburling20@addtoany.com
65626539fc13ae16e74cd2ff,Katti Vedmore,Lazzy,kvedmore21@cloudflare.com
65626539fc13ae16e74cd300,Claresta Fermor,Brainbox,cfermor22@gmpg.org
65626539fc13ae16e74cd301,Gabriell Quillinane,Kimia,gquillinane23@disqus.com
65626539fc13ae16e74cd302,Emlynne Mulvin,Edgeclub,emulvin24@surveymonkey.com
65626539fc13ae16e74cd303,Hieronymus Trevena,Wordify,htrevena25@digg.com
65626539fc13ae16e74cd304,Kenneth Ledwich,Devify,kledwich26@princeton.edu
65626539fc13ae16e74cd305,Lock Fransinelli,Rhynoodle,lfransinelli27@howstuffworks.com
65626539fc13ae16e74cd306,Karalynn Stringman,Topicware,kstringman28@posterous.com
65626539fc13ae16e74cd307,Solly Morland,Fliptune,smorland29@amazon.co.jp
65626539fc13ae16e74cd308,Reg Digwood,Buzzbean,rdigwood2a@hc360.com
65626539fc13ae16e74cd309,Kristina Allbrook,Jabbersphere,kallbrook2b@answers.com
65626539fc13ae16e74cd30a,Lezlie Bader,Buzzbean,lbader2c@canalblog.com
65626539fc13ae16e74cd30b,Kayley Volet,Gabtune,kvolet2d@cmu.edu
65626539fc13ae16e74cd30c,Olly Redford,Zoomzone,oredford2e@cam.ac.uk
65626539fc13ae16e74cd30d,Brigida Beldham,Skivee,bbeldham2f@about.com
65626539fc13ae16e74cd30e,Shena Rising,Fadeo,srising2g@google.co.jp
65626539fc13ae16e74cd30f,Stacie Muris,Talane,smuris2h@squarespace.com
65626539fc13ae16e74cd310,Keriann Donahue,Dabfeed,kdonahue2i@ucoz.com
65626539fc13ae16e74cd311,Jaclin Pluthero,Skaboo,jpluthero2j@nasa.gov
65626539fc13ae16e74cd312,Deerdre Tamplin,Riffpath,dtamplin2k@paypal.com
65626539fc13ae16e74cd313,Jodie Tear,Gigazoom,jtear2l@latimes.com
65626539fc13ae16e74cd314,Felita Ingerson,Trudeo,fingerson2m@shinystat.com
65626539fc13ae16e74cd315,Felizio Simkin,Mita,fsimkin2n@ask.com
65626539fc13ae16e74cd316,Kelcy Poore,Oozz,kpoore2o@pen.io
65626539fc13ae16e74cd317,Meggy Cutress,Feedfire,mcutress2p@newyorker.com
65626539fc13ae16e74cd318,Rodi Russ,Devcast,rruss2q@weibo.com
65626539fc13ae16e74cd319,Faye Jendricke,Livetube,fjendricke2r@ox.ac.uk
65626539fc13ae16e74cd31a,Wash Fibbit,Zazio,wfibbit2s@meetup.com
65626539fc13ae16e74cd31b,Randolph Lambert-Ciorwyn,Eadel,rlambertciorwyn2t@hibu.com
65626539fc13ae16e74cd31c,Annmaria Finnis,Dabjam,afinnis2u@cargocollective.com
65626539fc13ae16e74cd31d,Rea Rahl,Quamba,rrahl2v@gov.uk
65626539fc13ae16e74cd31e,Felita Sullivan,Youspan,fsullivan2w@symantec.com
65626539fc13ae16e74cd31f,Dani Philippart,Myworks,dphilippart2x@wix.com
65626539fc13ae16e74cd320,Edward Penfold,Voomm,epenfold2y@dropbox.com
65626539fc13ae16e74cd321,Melantha Gonzales,Innotype,mgonzales2z@google.ca
65626539fc13ae16e74cd322,Erina Lafaye,Edgepulse,elafaye30@mit.edu
65626539fc13ae16e74cd323,Ave Cruwys,Flipbug,acruwys31@uol.com.br
65626539fc13ae16e74cd324,Dwight Durbann,Realpoint,ddurbann32@dedecms.com
65626539fc13ae16e74cd325,Idelle Dasent,Skimia,idasent33@shop-pro.jp
65626539fc13ae16e74cd326,Lazarus Beevor,Twiyo,lbeevor34@odnoklassniki.ru
65626539fc13ae16e74cd327,Blythe Vasyukhnov,Twinder,bvasyukhnov35@clickbank.net
65626539fc13ae16e74cd328,Timofei Giannazzi,Wordware,tgiannazzi36@mtv.com
65626539fc13ae16e74cd329,Lonnard Kondratovich,Meemm,lkondratovich37@yahoo.co.jp
65626539fc13ae16e74cd32a,Reta Willcox,Fadeo,rwillcox38@gravatar.com
65626539fc13ae16e74cd32b,Kendall Spere,Yakitri,kspere39@adobe.com
65626539fc13ae16e74cd32c,Anabelle Calf,Trupe,acalf3a@blogtalkradio.com
65626539fc13ae16e74cd32d,Patric Koppe,Trilith,pkoppe3b@arstechnica.com
65626539fc13ae16e74cd32e,Verge Sancho,Oba,vsancho3c@friendfeed.com
65626539fc13ae16e74cd32f,Tiffany Caldayrou,Eidel,tcaldayrou3d@storify.com
65626539fc13ae16e74cd330,Jemimah Redsell,Jabberstorm,jredsell3e@omniture.com
65626539fc13ae16e74cd331,Gillian De Gogay,Ntags,gde3f@usnews.com
65626539fc13ae16e74cd332,Ronnie Dunmore,Tagfeed,rdunmore3g@flickr.com
65626539fc13ae16e74cd333,Alyda Kennford,Quinu,akennford3h@archive.org
65626539fc13ae16e74cd334,Ondrea Shuxsmith,Demimbu,oshuxsmith3i@about.me
65626539fc13ae16e74cd335,Nina Haburne,Brightdog,nhaburne3j@diigo.com
65626539fc13ae16e74cd336,Sonnie McArd,Youopia,smcard3k@dot.gov
65626539fc13ae16e74cd337,Orion Boner,Brainbox,oboner3l@utexas.edu
65626539fc13ae16e74cd338,Agata Kleimt,Zoovu,akleimt3m@slideshare.net
65626539fc13ae16e74cd339,Town Dalinder,Agimba,tdalinder3n@europa.eu
65626539fc13ae16e74cd33a,Sallyanne McCarlich,Twitterbeat,smccarlich3o@reuters.com
65626539fc13ae16e74cd33b,Rickard Adcocks,Plajo,radcocks3p@geocities.jp
65626539fc13ae16e74cd33c,Trever O' Byrne,Aivee,to3q@jigsy.com
65626539fc13ae16e74cd33d,Erv Sange,Shuffletag,esange3r@timesonline.co.uk
65626539fc13ae16e74cd33e,Peyter Brazil,Skyble,pbrazil3s@wikipedia.org
65626539fc13ae16e74cd33f,Cordey Eggle,Edgewire,ceggle3t@skype.com
65626539fc13ae16e74cd340,Kalie Osgarby,Mydo,kosgarby3u@go.com
65626539fc13ae16e74cd341,Carmelita Lilian,Oozz,clilian3v@businessweek.com
65626539fc13ae16e74cd342,Jenn Quinton,Edgepulse,jquinton3w@indiegogo.com
65626539fc13ae16e74cd343,Beatrice Curton,Meevee,bcurton3x@phpbb.com
65626539fc13ae16e74cd344,Gabriellia O'Dreain,Kwilith,godreain3y@timesonline.co.uk
65626539fc13ae16e74cd345,Harlen Larsen,Ozu,hlarsen3z@cdc.gov
65626539fc13ae16e74cd346,Erasmus Whieldon,Dynava,ewhieldon40@ow.ly
65626539fc13ae16e74cd347,Rriocard Batho,Gigabox,rbatho41@ifeng.com
65626539fc13ae16e74cd348,Cristin Chesterton,Mudo,cchesterton42@columbia.edu
65626539fc13ae16e74cd349,Antonin Strudwick,Tagchat,astrudwick43@taobao.com
65626539fc13ae16e74cd34a,Osbourne Conibere,Janyx,oconibere44@cisco.com
65626539fc13ae16e74cd34b,Orelie Bartalini,Thoughtblab,obartalini45@sourceforge.net
65626539fc13ae16e74cd34c,Quentin Cleave,Tagchat,qcleave46@theguardian.com
65626539fc13ae16e74cd34d,Hewie Tuplin,Oyondu,htuplin47@ibm.com
65626539fc13ae16e74cd34e,Smith Aaronson,Zoomcast,saaronson48@dropbox.com
65626539fc13ae16e74cd34f,Nicolis Beedell,Mydeo,nbeedell49@howstuffworks.com
65626539fc13ae16e74cd350,Allan Sabberton,Skinte,asabberton4a@nbcnews.com
65626539fc13ae16e74cd351,Melisse Thamelt,Babbleset,mthamelt4b@loc.gov
65626539fc13ae16e74cd352,Brinna Millier,Teklist,bmillier4c@wordpress.org
65626539fc13ae16e74cd353,Doralynn Gladbeck,Realfire,dgladbeck4d@qq.com
65626539fc13ae16e74cd354,Breena Garside,Wikido,bgarside4e@hubpages.com
65626539fc13ae16e74cd355,Kincaid Gossage,Realfire,kgossage4f@networksolutions.com
65626539fc13ae16e74cd356,Siegfried Sheasby,Livefish,ssheasby4g@google.com
65626539fc13ae16e74cd357,Halley Parcell,Bubblebox,hparcell4h@nytimes.com
65626539fc13ae16e74cd358,Orazio Cockroft,Meezzy,ocockroft4i@craigslist.org
65626539fc13ae16e74cd359,Vivia Lapping,Flipbug,vlapping4j@army.mil
65626539fc13ae16e74cd35a,Germain Matevosian,Livetube,gmatevosian4k@cocolog-nifty.com
65626539fc13ae16e74cd35b,Stacie Wintringham,Oloo,swintringham4l@digg.com
65626539fc13ae16e74cd35c,Dacia Weedenburg,Flipstorm,dweedenburg4m@nature.com
65626539fc13ae16e74cd35d,Hollyanne Wagen,Jaloo,hwagen4n@tripadvisor.com
65626539fc13ae16e74cd35e,Silvie MacAndreis,Kamba,smacandreis4o@icio.us
65626539fc13ae16e74cd35f,Terrye De Filippis,Skilith,tde4p@flickr.com
65626539fc13ae16e74cd360,Base Berrill,Realbridge,bberrill4q@bloomberg.com
65626539fc13ae16e74cd361,Harlie Gayter,Eare,hgayter4r@php.net
65626539fc13ae16e74cd362,Elfrieda Bengal,Skipfire,ebengal4s@multiply.com
65626539fc13ae16e74cd363,Patton Grealy,Dynazzy,pgrealy4t@shutterfly.com
65626539fc13ae16e74cd364,Bogart Lomen,Jaxnation,blomen4u@yellowpages.com
65626539fc13ae16e74cd365,Millisent Fyall,Thoughtbeat,mfyall4v@theguardian.com
65626539fc13ae16e74cd366,Arin Ackrill,Eabox,aackrill4w@g.co
65626539fc13ae16e74cd367,Yvon Hoyles,Photofeed,yhoyles4x@gravatar.com
65626539fc13ae16e74cd368,Kiley MacDearmid,Twitterlist,kmacdearmid4y@usatoday.com
65626539fc13ae16e74cd369,Brose Giordano,Bubbletube,bgiordano4z@ibm.com
65626539fc13ae16e74cd36a,Camilla Pardew,Skippad,cpardew50@skype.com
65626539fc13ae16e74cd36b,Holly-anne Lobb,Pixonyx,hlobb51@fema.gov
65626539fc13ae16e74cd36c,Ford Jerrold,Jaloo,fjerrold52@clickbank.net
65626539fc13ae16e74cd36d,Yancy Stanbra,Eire,ystanbra53@va.gov
65626539fc13ae16e74cd36e,Martin Pietzner,Flipbug,mpietzner54@ustream.tv
65626539fc13ae16e74cd36f,Hanson Turmall,Topicstorm,hturmall55@theguardian.com
65626539fc13ae16e74cd370,George Tarney,Voomm,gtarney56@skype.com
65626539fc13ae16e74cd371,Burt Kermott,Realcube,bkermott57@telegraph.co.uk
65626539fc13ae16e74cd372,Eleanora Pretsell,Twiyo,epretsell58@nydailynews.com
65626539fc13ae16e74cd373,Jdavie Tatem,Photojam,jtatem59@drupal.org
65626539fc13ae16e74cd374,Titus McCallam,Dazzlesphere,tmccallam5a@biglobe.ne.jp
65626539fc13ae16e74cd375,Nessa Thacke,Eadel,nthacke5b@nyu.edu
65626539fc13ae16e74cd376,Annmaria Shelp,Centizu,ashelp5c@cmu.edu
65626539fc13ae16e74cd377,Alli Georgius,Fatz,ageorgius5d@smugmug.com
65626539fc13ae16e74cd378,Murielle Ferryn,Zava,mferryn5e@google.com
65626539fc13ae16e74cd379,Dacie Caherny,Wikido,dcaherny5f@prlog.org
65626539fc13ae16e74cd37a,Dougie Priestner,Bubblemix,dpriestner5g@w3.org
65626539fc13ae16e74cd37b,Jessica Jurn,Tavu,jjurn5h@alexa.com
65626539fc13ae16e74cd37c,Shayne Jacquemot,Divavu,sjacquemot5i@amazon.com
65626539fc13ae16e74cd37d,Celle Lamyman,Twinder,clamyman5j@youtube.com
65626539fc13ae16e74cd37e,Sherlock Yuryshev,Quaxo,syuryshev5k@rambler.ru
65626539fc13ae16e74cd37f,Reid Grason,Jaxspan,rgrason5l@cam.ac.uk
65626539fc13ae16e74cd380,Lucho Klyner,Mymm,lklyner5m@cnbc.com
65626539fc13ae16e74cd381,Craig Bedlington,Nlounge,cbedlington5n@yellowbook.com
65626539fc13ae16e74cd382,Trudi Haskey,Livepath,thaskey5o@vk.com
65626539fc13ae16e74cd383,Abigale Fatharly,Yotz,afatharly5p@opensource.org
65626539fc13ae16e74cd384,Stevy Gloyens,Kanoodle,sgloyens5q@hao123.com
65626539fc13ae16e74cd385,Aubert Spurling,Tanoodle,aspurling5r@de.vu
65626539fc13ae16e74cd386,Nanice Feltham,Tagpad,nfeltham5s@seattletimes.com
65626539fc13ae16e74cd387,Jodi Izon,Brainsphere,jizon5t@360.cn
65626539fc13ae16e74cd388,Romola Bolan,Jaloo,rbolan5u@desdev.cn
65626539fc13ae16e74cd389,Homere Salaman,Yakijo,hsalaman5v@ox.ac.uk
65626539fc13ae16e74cd38a,Rene Bynert,Plajo,rbynert5w@alexa.com
65626539fc13ae16e74cd38b,Valerye Caldicott,Camido,vcaldicott5x@ca.gov
65626539fc13ae16e74cd38c,Alidia Hembery,Linktype,ahembery5y@studiopress.com
65626539fc13ae16e74cd38d,Harmonia Tilly,Mynte,htilly5z@drupal.org
65626539fc13ae16e74cd38e,Dennis Capun,Demizz,dcapun60@cbsnews.com
65626539fc13ae16e74cd38f,Euell Witten,Dabjam,ewitten61@acquirethisname.com
65626539fc13ae16e74cd390,Lauren Tearney,Skinix,ltearney62@google.ca
65626539fc13ae16e74cd391,Cesya Semered,Agivu,csemered63@springer.com
65626539fc13ae16e74cd392,Debee Coltherd,Tavu,dcoltherd64@list-manage.com
65626539fc13ae16e74cd393,Delbert Gollin,Jaxworks,dgollin65@epa.gov
65626539fc13ae16e74cd394,Godfree Stuttman,Skipstorm,gstuttman66@springer.com
65626539fc13ae16e74cd395,Esteban Selvey,Photofeed,eselvey67@privacy.gov.au
65626539fc13ae16e74cd396,Roseanna Tibbetts,Oloo,rtibbetts68@tripod.com
65626539fc13ae16e74cd397,Latia Arnhold,Babblestorm,larnhold69@hibu.com
65626539fc13ae16e74cd398,Wynnie Dukes,Zava,wdukes6a@amazon.de
65626539fc13ae16e74cd399,Andrej Benedidick,Photolist,abenedidick6b@netlog.com
65626539fc13ae16e74cd39a,Letti Jesper,Zoombeat,ljesper6c@eventbrite.com
65626539fc13ae16e74cd39b,Amelie Guiraud,Flashpoint,aguiraud6d@kickstarter.com
65626539fc13ae16e74cd39c,Loleta Maffy,Edgepulse,lmaffy6e@purevolume.com
65626539fc13ae16e74cd39d,Joella Paulet,Fadeo,jpaulet6f@prweb.com
65626539fc13ae16e74cd39e,Caldwell Mulroy,Yombu,cmulroy6g@illinois.edu
65626539fc13ae16e74cd39f,Morton Worthington,Meetz,mworthington6h@comcast.net
65626539fc13ae16e74cd3a0,Goober Giggie,Topdrive,ggiggie6i@xing.com
65626539fc13ae16e74cd3a1,Lesley Batcheldor,Edgeblab,lbatcheldor6j@123-reg.co.uk
65626539fc13ae16e74cd3a2,Thomasin O' Neligan,Leenti,to6k@xing.com
65626539fc13ae16e74cd3a3,Alys Spilsburie,Linkbridge,aspilsburie6l@washingtonpost.com
65626539fc13ae16e74cd3a4,Raf Kidstone,Reallinks,rkidstone6m@icq.com
65626539fc13ae16e74cd3a5,Fan Sivewright,Flipopia,fsivewright6n@technorati.com
65626539fc13ae16e74cd3a6,Ted Beckworth,Jaxworks,tbeckworth6o@cbc.ca
65626539fc13ae16e74cd3a7,Katrina Foulgham,Lazzy,kfoulgham6p@irs.gov
65626539fc13ae16e74cd3a8,Adriana Gasker,Gabcube,agasker6q@g.co
65626539fc13ae16e74cd3a9,Rianon Prudence,Youopia,rprudence6r@posterous.com
65626539fc13ae16e74cd3aa,Christian Fawbert,Lazz,cfawbert6s@gnu.org
65626539fc13ae16e74cd3ab,Prudence Vinten,Layo,pvinten6t@google.co.jp
65626539fc13ae16e74cd3ac,Karen Minard,Gigabox,kminard6u@admin.ch
65626539fc13ae16e74cd3ad,Burke Rushman,Eare,brushman6v@delicious.com
65626539fc13ae16e74cd3ae,Jamal Brislan,Shuffletag,jbrislan6w@foxnews.com
65626539fc13ae16e74cd3af,Aurthur Sly,Dabfeed,asly6x@slate.com
65626539fc13ae16e74cd3b0,Minerva Whitwam,Pixope,mwhitwam6y@merriam-webster.com
65626539fc13ae16e74cd3b1,Dorolisa Tomaszewski,Thoughtstorm,dtomaszewski6z@istockphoto.com
65626539fc13ae16e74cd3b2,Dusty Kierans,Photospace,dkierans70@theglobeandmail.com
65626539fc13ae16e74cd3b3,Deloris Hawker,Innojam,dhawker71@illinois.edu
65626539fc13ae16e74cd3b4,Fleming Maylott,Trilia,fmaylott72@google.co.jp
65626539fc13ae16e74cd3b5,Marcel Hagstone,Camimbo,mhagstone73@statcounter.com
65626539fc13ae16e74cd3b6,Ivar Gillanders,Skaboo,igillanders74@tripod.com
65626539fc13ae16e74cd3b7,Worth Earle,Kamba,wearle75@sohu.com
65626539fc13ae16e74cd3b8,Cam Huster,Centimia,chuster76@google.co.jp
65626539fc13ae16e74cd3b9,Enos Owtram,Yozio,eowtram77@usnews.com
65626539fc13ae16e74cd3ba,Bartholemy Sharram,Livetube,bsharram78@about.com
65626539fc13ae16e74cd3bb,Sara-ann Torpie,Realbridge,storpie79@topsy.com
65626539fc13ae16e74cd3bc,Shem Wintour,LiveZ,swintour7a@digg.com
65626539fc13ae16e74cd3bd,Codi Guiu,JumpXS,cguiu7b@ning.com
65626539fc13ae16e74cd3be,Margery Tucsell,Rhybox,mtucsell7c@yellowpages.com
65626539fc13ae16e74cd3bf,Nahum Josephy,Tambee,njosephy7d@topsy.com
65626539fc13ae16e74cd3c0,Shari Glasman,Skivee,sglasman7e@cisco.com
65626539fc13ae16e74cd3c1,Brendan Tomankowski,Demizz,btomankowski7f@wikispaces.com
65626539fc13ae16e74cd3c2,Aguistin Ohlsen,Youopia,aohlsen7g@hc360.com
65626539fc13ae16e74cd3c3,Ediva Greeveson,Pixoboo,egreeveson7h@google.it
65626539fc13ae16e74cd3c4,Randolf Crowe,Plambee,rcrowe7i@wisc.edu
65626539fc13ae16e74cd3c5,Liza Bernaldez,Fivespan,lbernaldez7j@fotki.com
65626539fc13ae16e74cd3c6,Sutton Vaulkhard,Pixonyx,svaulkhard7k@shutterfly.com
65626539fc13ae16e74cd3c7,Genevra Dybald,Jatri,gdybald7l@zimbio.com
65626539fc13ae16e74cd3c8,Karalynn Rubens,Izio,krubens7m@shop-pro.jp
65626539fc13ae16e74cd3c9,Aurea Ainger,Yakijo,aainger7n@reverbnation.com
65626539fc13ae16e74cd3ca,Shaun Feacham,Feedmix,sfeacham7o@ed.gov
65626539fc13ae16e74cd3cb,Harriet Thomtson,Agimba,hthomtson7p@storify.com
65626539fc13ae16e74cd3cc,Ludovico Dohmer,Gigaclub,ldohmer7q@howstuffworks.com
65626539fc13ae16e74cd3cd,Augustin Aikenhead,Browsecat,aaikenhead7r@feedburner.com
65626539fc13ae16e74cd3ce,Dael Licari,Geba,dlicari7s@dedecms.com
65626539fc13ae16e74cd3cf,Milt McAughtrie,Dazzlesphere,mmcaughtrie7t@narod.ru
65626539fc13ae16e74cd3d0,Calv Shaw,Izio,cshaw7u@odnoklassniki.ru
65626539fc13ae16e74cd3d1,Alvan Finlry,Browsezoom,afinlry7v@omniture.com
65626539fc13ae16e74cd3d2,Revkah Surmeir,Devify,rsurmeir7w@last.fm
65626539fc13ae16e74cd3d3,Robena May,Skyvu,rmay7x@tripod.com
65626539fc13ae16e74cd3d4,Kimberli Ostick,DabZ,kostick7y@ask.com
65626539fc13ae16e74cd3d5,Anselma Stampfer,Shuffledrive,astampfer7z@indiegogo.com
65626539fc13ae16e74cd3d6,Janella Tite,Kamba,jtite80@ucsd.edu
65626539fc13ae16e74cd3d7,Jorge Lebrun,Vipe,jlebrun81@nymag.com
65626539fc13ae16e74cd3d8,Janos Cello,Quaxo,jcello82@weather.com
65626539fc13ae16e74cd3d9,Celestyna Knowler,Tagchat,cknowler83@sciencedirect.com
65626539fc13ae16e74cd3da,Vanna Westmarland,Voonyx,vwestmarland84@macromedia.com
65626539fc13ae16e74cd3db,Marchelle Dulanty,Mydeo,mdulanty85@github.io
65626539fc13ae16e74cd3dc,Katheryn Kenyon,Gabcube,kkenyon86@fotki.com
65626539fc13ae16e74cd3dd,Rae Campaigne,Twimbo,rcampaigne87@merriam-webster.com
65626539fc13ae16e74cd3de,Kristina Delf,Topicshots,kdelf88@shinystat.com
65626539fc13ae16e74cd3df,Merl Codi,Topicshots,mcodi89@sun.com
65626539fc13ae16e74cd3e0,Ella Jubert,Mita,ejubert8a@qq.com
65626539fc13ae16e74cd3e1,Briant Peron,Skibox,bperon8b@cbc.ca
65626539fc13ae16e74cd3e2,Ivett Brignall,Shufflester,ibrignall8c@spiegel.de
65626539fc13ae16e74cd3e3,Waverly Duckering,Kanoodle,wduckering8d@studiopress.com
65626539fc13ae16e74cd3e4,Zeke Banford,Skynoodle,zbanford8e@deviantart.com
65626539fc13ae16e74cd3e5,Tobie Whittenbury,Yambee,twhittenbury8f@ameblo.jp
65626539fc13ae16e74cd3e6,Xerxes Thebe,Photolist,xthebe8g@geocities.com
65626539fc13ae16e74cd3e7,Adolph Gerger,Eire,agerger8h@domainmarket.com
65626539fc13ae16e74cd3e8,Wallace Stooke,Skinte,wstooke8i@e-recht24.de
65626539fc13ae16e74cd3e9,Raoul Addyman,Quimba,raddyman8j@last.fm
65626539fc13ae16e74cd3ea,Marillin Aucott,Trunyx,maucott8k@ftc.gov
65626539fc13ae16e74cd3eb,Ainsley Denmead,Skyble,adenmead8l@ucoz.ru
65626539fc13ae16e74cd3ec,Dianna McKaile,Flashset,dmckaile8m@wisc.edu
65626539fc13ae16e74cd3ed,Felicia Denge,Photobean,fdenge8n@businessweek.com
65626539fc13ae16e74cd3ee,Charmain Leys,Quaxo,cleys8o@boston.com
65626539fc13ae16e74cd3ef,Ilsa Whitfeld,Buzzster,iwhitfeld8p@boston.com
65626539fc13ae16e74cd3f0,Lauri Peniman,Realmix,lpeniman8q@pen.io
65626539fc13ae16e74cd3f1,Ali Huddart,Photobug,ahuddart8r@boston.com
65626539fc13ae16e74cd3f2,Beck Yukhnevich,Myworks,byukhnevich8s@diigo.com
65626539fc13ae16e74cd3f3,Cecile Skeleton,Avamba,cskeleton8t@mapy.cz
65626539fc13ae16e74cd3f4,Filide Tuison,Yakijo,ftuison8u@ucla.edu
65626539fc13ae16e74cd3f5,Catharina McIan,Gabspot,cmcian8v@shop-pro.jp
65626539fc13ae16e74cd3f6,Rennie Darwin,Blogpad,rdarwin8w@microsoft.com
65626539fc13ae16e74cd3f7,Desmond Malenoir,Brainverse,dmalenoir8x@weibo.com
65626539fc13ae16e74cd3f8,Elyssa Pigford,Yodo,epigford8y@examiner.com
65626539fc13ae16e74cd3f9,Mikaela Fernley,Brainlounge,mfernley8z@tripadvisor.com
65626539fc13ae16e74cd3fa,Giorgio Chree,Thoughtworks,gchree90@house.gov
65626539fc13ae16e74cd3fb,Konstantine Jayume,Eazzy,kjayume91@seesaa.net
65626539fc13ae16e74cd3fc,Gail Pescud,Skyndu,gpescud92@vinaora.com
65626539fc13ae16e74cd3fd,Dillon Bastian,Plambee,dbastian93@qq.com
65626539fc13ae16e74cd3fe,Ronnie Carding,Oba,rcarding94@nih.gov
65626539fc13ae16e74cd3ff,Becca O'Cullinane,Browsetype,bocullinane95@bbc.co.uk
65626539fc13ae16e74cd400,Fania Rollason,Tagfeed,frollason96@vkontakte.ru
65626539fc13ae16e74cd401,Aurelie Mapledoram,Dynabox,amapledoram97@wufoo.com
65626539fc13ae16e74cd402,Eziechiele Lorden,Blogpad,elorden98@sogou.com
65626539fc13ae16e74cd403,Merilee Dymock,Kamba,mdymock99@usda.gov
65626539fc13ae16e74cd404,Jefferey Williscroft,Trudeo,jwilliscroft9a@google.nl
65626539fc13ae16e74cd405,Rahel Lints,Gigabox,rlints9b@oaic.gov.au
65626539fc13ae16e74cd406,Barthel Evensden,Ozu,bevensden9c@ox.ac.uk
65626539fc13ae16e74cd407,Prisca Daffey,Tagpad,pdaffey9d@t-online.de
65626539fc13ae16e74cd408,Merry Blazdell,Yodel,mblazdell9e@smugmug.com
65626539fc13ae16e74cd409,Karisa Humpatch,Voomm,khumpatch9f@foxnews.com
65626539fc13ae16e74cd40a,Ingemar Letixier,Browsezoom,iletixier9g@e-recht24.de
65626539fc13ae16e74cd40b,Chryste Sellack,Skilith,csellack9h@ebay.co.uk
65626539fc13ae16e74cd40c,Laurianne Graser,Zava,lgraser9i@aol.com
65626539fc13ae16e74cd40d,Elbertina Sydney,Divavu,esydney9j@acquirethisname.com
65626539fc13ae16e74cd40e,Babs Ridewood,Dabvine,bridewood9k@prnewswire.com
65626539fc13ae16e74cd40f,Gradey Colerick,Twinder,gcolerick9l@si.edu
65626539fc13ae16e74cd410,Ranice Highnam,Zooxo,rhighnam9m@ft.com
65626539fc13ae16e74cd411,Martie Spillard,Flipopia,mspillard9n@cdbaby.com
65626539fc13ae16e74cd412,Shep Gerdts,Thoughtbridge,sgerdts9o@homestead.com
65626539fc13ae16e74cd413,Dorelle Goldsworthy,Jabbercube,dgoldsworthy9p@zimbio.com
65626539fc13ae16e74cd414,Saul Seppey,Zava,sseppey9q@nsw.gov.au
65626539fc13ae16e74cd415,Giselbert Rasp,Yakijo,grasp9r@biglobe.ne.jp
65626539fc13ae16e74cd416,Emera Smouten,Youbridge,esmouten9s@ca.gov
65626539fc13ae16e74cd417,Corbet Rignoldes,Skivee,crignoldes9t@narod.ru
65626539fc13ae16e74cd418,Leanna Pley,Twimm,lpley9u@furl.net
65626539fc13ae16e74cd419,Susannah Dower,Katz,sdower9v@rambler.ru
65626539fc13ae16e74cd41a,Gabriel Brackpool,Kwideo,gbrackpool9w@house.gov
65626539fc13ae16e74cd41b,Rabbi McAuliffe,Ooba,rmcauliffe9x@feedburner.com
65626539fc13ae16e74cd41c,Gunilla Gibbs,Quimba,ggibbs9y@freewebs.com
65626539fc13ae16e74cd41d,Nonie Povah,Quatz,npovah9z@ucsd.edu
65626539fc13ae16e74cd41e,Lindsay Sertin,Podcat,lsertina0@ucla.edu
65626539fc13ae16e74cd41f,Larina Beric,Livetube,lberica1@alexa.com
65626539fc13ae16e74cd420,Herby Beaty,Eare,hbeatya2@harvard.edu
65626539fc13ae16e74cd421,Tatiania Gingedale,Wordtune,tgingedalea3@chicagotribune.com
65626539fc13ae16e74cd422,Doreen Breukelman,Eayo,dbreukelmana4@ifeng.com
65626539fc13ae16e74cd423,Tootsie Wakenshaw,Rhybox,twakenshawa5@moonfruit.com
65626539fc13ae16e74cd424,Garreth Sigert,Linktype,gsigerta6@hhs.gov
65626539fc13ae16e74cd425,Gail Lunge,Zoovu,glungea7@washington.edu
65626539fc13ae16e74cd426,Christoforo Lotterington,Layo,clotteringtona8@xrea.com
65626539fc13ae16e74cd427,Chrystal Weathey,Oyondu,cweatheya9@e-recht24.de
65626539fc13ae16e74cd428,Sanders Tiffin,Thoughtstorm,stiffinaa@intel.com
65626539fc13ae16e74cd429,Eugenius L' Estrange,Pixoboo,elab@smugmug.com
65626539fc13ae16e74cd42a,Hardy Bromage,Oyondu,hbromageac@indiatimes.com
65626539fc13ae16e74cd42b,Heidi Fuzzard,Dazzlesphere,hfuzzardad@mit.edu
65626539fc13ae16e74cd42c,Emilee Stempe,Yacero,estempeae@slideshare.net
65626539fc13ae16e74cd42d,Derwin Sommer,Edgeify,dsommeraf@cbsnews.com
65626539fc13ae16e74cd42e,Andris Yarwood,Brainlounge,ayarwoodag@people.com.cn
65626539fc13ae16e74cd42f,Ephrem McNeely,Zoomzone,emcneelyah@alibaba.com
65626539fc13ae16e74cd430,Raynell Blunsden,Photobug,rblunsdenai@infoseek.co.jp
65626539fc13ae16e74cd431,Hank Easterfield,Demimbu,heasterfieldaj@geocities.com
65626539fc13ae16e74cd432,Duane Nail,Agimba,dnailak@wix.com
65626539fc13ae16e74cd433,Oliviero Ackhurst,Rhyloo,oackhurstal@scientificamerican.com
65626539fc13ae16e74cd434,Janey Menendez,Twitterlist,jmenendezam@goo.gl
65626539fc13ae16e74cd435,Oneida Pringer,Teklist,opringeran@pbs.org
65626539fc13ae16e74cd436,Dione Barrick,Yotz,dbarrickao@jugem.jp
65626539fc13ae16e74cd437,Paton Allgood,Voomm,pallgoodap@engadget.com
65626539fc13ae16e74cd438,Stephani Kenworthey,Einti,skenwortheyaq@biglobe.ne.jp
65626539fc13ae16e74cd439,Giorgio Sinott,Yodel,gsinottar@boston.com
65626539fc13ae16e74cd43a,Wolfie Cator,Livetube,wcatoras@usda.gov
65626539fc13ae16e74cd43b,Tedra Andrus,Feednation,tandrusat@icio.us
65626539fc13ae16e74cd43c,Ingaberg Hungerford,Tavu,ihungerfordau@yale.edu
65626539fc13ae16e74cd43d,Dante Liebmann,Livefish,dliebmannav@yahoo.co.jp
65626539fc13ae16e74cd43e,La verne Forgie,Oyoloo,lverneaw@twitpic.com
65626539fc13ae16e74cd43f,Arabele Delacroux,Talane,adelacrouxax@simplemachines.org
65626539fc13ae16e74cd440,Nonnah Wollrauch,Geba,nwollrauchay@amazon.co.jp
65626539fc13ae16e74cd441,Nerte Clapp,Eamia,nclappaz@ucsd.edu
65626539fc13ae16e74cd442,Reggie Tonner,Jatri,rtonnerb0@cloudflare.com
65626539fc13ae16e74cd443,Edna Montgomery,Twinder,emontgomeryb1@dropbox.com
65626539fc13ae16e74cd444,Conny Rablan,Avaveo,crablanb2@imageshack.us
65626539fc13ae16e74cd445,Livia Hannon,Leenti,lhannonb3@tmall.com
65626539fc13ae16e74cd446,Kipper Garrison,Jabberbean,kgarrisonb4@sitemeter.com
65626539fc13ae16e74cd447,Langston Toombes,Photobug,ltoombesb5@dion.ne.jp
65626539fc13ae16e74cd448,Lief Klossmann,Skyvu,lklossmannb6@intel.com
65626539fc13ae16e74cd449,Junette Dengel,Realbuzz,jdengelb7@reuters.com
65626539fc13ae16e74cd44a,Brenn Epinay,Camido,bepinayb8@vinaora.com
65626539fc13ae16e74cd44b,Juli Felton,Skipstorm,jfeltonb9@wsj.com
65626539fc13ae16e74cd44c,Roanna Retter,Linkbridge,rretterba@eventbrite.com
65626539fc13ae16e74cd44d,Jammie Laurand,Devcast,jlaurandbb@fotki.com
65626539fc13ae16e74cd44e,Malchy Poole,Rhynoodle,mpoolebc@reddit.com
65626539fc13ae16e74cd44f,Corie MacGiany,Meeveo,cmacgianybd@tiny.cc
65626539fc13ae16e74cd450,Mortie Maleck,Yambee,mmaleckbe@cornell.edu
65626539fc13ae16e74cd451,Kleon Joblin,Skivee,kjoblinbf@jiathis.com
65626539fc13ae16e74cd452,Gregor Krolle,Skinte,gkrollebg@about.me
65626539fc13ae16e74cd453,Rozelle Veschambes,Realcube,rveschambesbh@miibeian.gov.cn
65626539fc13ae16e74cd454,Deena O'Dowgaine,Shuffletag,dodowgainebi@hp.com
65626539fc13ae16e74cd455,Frasquito Barends,Myworks,fbarendsbj@apple.com
65626539fc13ae16e74cd456,Jonell Tieman,Mybuzz,jtiemanbk@ucoz.com
65626539fc13ae16e74cd457,Tamas Etherson,Vinder,tethersonbl@artisteer.com
65626539fc13ae16e74cd458,Stacee Zannuto,Tekfly,szannutobm@wsj.com
65626539fc13ae16e74cd459,Eddie Hegges,Rhycero,eheggesbn@google.it
65626539fc13ae16e74cd45a,Bartlett Guillford,Tagopia,bguillfordbo@i2i.jp
65626539fc13ae16e74cd45b,Oren Parzis,Gabtune,oparzisbp@symantec.com
65626539fc13ae16e74cd45c,Bobbee Iremonger,Thoughtstorm,biremongerbq@deliciousdays.com
65626539fc13ae16e74cd45d,Dorree MacNair,Leexo,dmacnairbr@privacy.gov.au
65626539fc13ae16e74cd45e,Astrid Tesmond,Babbleset,atesmondbs@so-net.ne.jp
65626539fc13ae16e74cd45f,Aldus Anfrey,Meembee,aanfreybt@nsw.gov.au
65626539fc13ae16e74cd460,Oriana Sharrocks,Yacero,osharrocksbu@virginia.edu
65626539fc13ae16e74cd461,Hervey Welband,DabZ,hwelbandbv@wordpress.com
65626539fc13ae16e74cd462,Augusto Dooly,Pixonyx,adoolybw@miitbeian.gov.cn
65626539fc13ae16e74cd463,Vincent McGarva,Voonix,vmcgarvabx@ed.gov
65626539fc13ae16e74cd464,Blondy Martinson,Eire,bmartinsonby@epa.gov
65626539fc13ae16e74cd465,Starlin Purnell,InnoZ,spurnellbz@wikia.com
65626539fc13ae16e74cd466,Nelie Hitcham,Zoomlounge,nhitchamc0@ucoz.com
65626539fc13ae16e74cd467,Miner Hodinton,Fliptune,mhodintonc1@walmart.com
65626539fc13ae16e74cd468,Efren Dominighi,Mybuzz,edominighic2@sciencedaily.com
65626539fc13ae16e74cd469,Merna Hugonneau,Tagpad,mhugonneauc3@boston.com
65626539fc13ae16e74cd46a,Flori Storrie,Yakijo,fstorriec4@aboutads.info
65626539fc13ae16e74cd46b,Sylas Coppins,Zoomcast,scoppinsc5@dot.gov
65626539fc13ae16e74cd46c,Vanda Geeves,Gabcube,vgeevesc6@gnu.org
65626539fc13ae16e74cd46d,Inessa Emanson,Skiba,iemansonc7@shop-pro.jp
65626539fc13ae16e74cd46e,Karylin Tchaikovsky,Vimbo,ktchaikovskyc8@blogtalkradio.com
65626539fc13ae16e74cd46f,Ulrica Wakley,Livetube,uwakleyc9@oakley.com
65626539fc13ae16e74cd470,Miltie Skryne,Photofeed,mskryneca@examiner.com
65626539fc13ae16e74cd471,Laina Harker,Podcat,lharkercb@yahoo.co.jp
65626539fc13ae16e74cd472,Cherrita Leivers,Mydeo,cleiverscc@typepad.com
65626539fc13ae16e74cd473,Edin Friel,Npath,efrielcd@washington.edu
65626539fc13ae16e74cd474,Tomlin Capener,Rhyloo,tcapenerce@xinhuanet.com
65626539fc13ae16e74cd475,Barry Maclean,Eabox,bmacleancf@wunderground.com
65626539fc13ae16e74cd476,Filberte Longina,Roomm,flonginacg@usnews.com
65626539fc13ae16e74cd477,Sheilakathryn Jager,Fivebridge,sjagerch@cdbaby.com
65626539fc13ae16e74cd478,Jewel Matonin,Lazzy,jmatoninci@tmall.com
65626539fc13ae16e74cd479,Chrysa Olliver,Skimia,collivercj@google.es
65626539fc13ae16e74cd47a,Haily Carryer,Snaptags,hcarryerck@blinklist.com
65626539fc13ae16e74cd47b,Don Laxon,Twinte,dlaxoncl@ning.com
65626539fc13ae16e74cd47c,Barnie Goudie,Mycat,bgoudiecm@berkeley.edu
65626539fc13ae16e74cd47d,Delmore Perrycost,Flashspan,dperrycostcn@hugedomains.com
65626539fc13ae16e74cd47e,Ginny Kondratovich,Oyope,gkondratovichco@usda.gov
65626539fc13ae16e74cd47f,Shellysheldon Fordy,Riffpath,sfordycp@ihg.com
65626539fc13ae16e74cd480,Ky Leibold,Thoughtworks,kleiboldcq@mlb.com
65626539fc13ae16e74cd481,Ludovico Sawle,Browsecat,lsawlecr@baidu.com
65626539fc13ae16e74cd482,Gaby Huitson,Voonder,ghuitsoncs@sohu.com
65626539fc13ae16e74cd483,Alfredo Pruce,Quimba,aprucect@statcounter.com
65626539fc13ae16e74cd484,Mycah Ridett,Quimm,mridettcu@house.gov
65626539fc13ae16e74cd485,Lilian Yendall,Kanoodle,lyendallcv@tiny.cc
65626539fc13ae16e74cd486,Sutherlan Jobbins,Oba,sjobbinscw@tripadvisor.com
65626539fc13ae16e74cd487,Schuyler Nesbit,Twinte,snesbitcx@netvibes.com
65626539fc13ae16e74cd488,Bari Reubbens,Eazzy,breubbenscy@samsung.com
65626539fc13ae16e74cd489,Corty Tysack,Kanoodle,ctysackcz@webs.com
65626539fc13ae16e74cd48a,Aluin Maffini,Flipstorm,amaffinid0@bbb.org
65626539fc13ae16e74cd48b,Hal Labusquiere,Oyope,hlabusquiered1@tiny.cc
65626539fc13ae16e74cd48c,Mace Oakinfold,Podcat,moakinfoldd2@pbs.org
65626539fc13ae16e74cd48d,Lay O'Duggan,Wordify,loduggand3@cocolog-nifty.com
65626539fc13ae16e74cd48e,Verna Hove,Devpulse,vhoved4@addthis.com
65626539fc13ae16e74cd48f,Timmy Vedntyev,Dabjam,tvedntyevd5@yellowbook.com
65626539fc13ae16e74cd490,Mel Auchterlonie,Gabtype,mauchterlonied6@samsung.com
65626539fc13ae16e74cd491,Clevey Beckson,Podcat,cbecksond7@comsenz.com
65626539fc13ae16e74cd492,Brandy Fleeming,Lazzy,bfleemingd8@ibm.com
65626539fc13ae16e74cd493,Danita Bawcock,Jetpulse,dbawcockd9@artisteer.com
65626539fc13ae16e74cd494,Chlo Steen,Podcat,csteenda@ezinearticles.com
65626539fc13ae16e74cd495,Griselda Mallock,Chatterpoint,gmallockdb@jigsy.com
65626539fc13ae16e74cd496,Joycelin Bickerstasse,Kwinu,jbickerstassedc@army.mil
65626539fc13ae16e74cd497,Ina Ickovic,Ntags,iickovicdd@over-blog.com
65626539fc13ae16e74cd498,Teirtza Redsall,Jabbersphere,tredsallde@mozilla.org
65626539fc13ae16e74cd499,Jule Chesnay,Jetwire,jchesnaydf@walmart.com
65626539fc13ae16e74cd49a,Ashla Dudson,Babbleblab,adudsondg@google.co.jp
65626539fc13ae16e74cd49b,Ninetta Adamini,Teklist,nadaminidh@unicef.org
65626539fc13ae16e74cd49c,Sidney Slateford,Podcat,sslateforddi@google.com.hk
65626539fc13ae16e74cd49d,Claudie Donlon,Devify,cdonlondj@java.com
65626539fc13ae16e74cd49e,Kerrie Burless,Cogibox,kburlessdk@rediff.com
65626539fc13ae16e74cd49f,Renault Samways,Miboo,rsamwaysdl@constantcontact.com
65626539fc13ae16e74cd4a0,Golda Kleinlerer,Devify,gkleinlererdm@bizjournals.com
65626539fc13ae16e74cd4a1,Allyn Rosenboim,Topicblab,arosenboimdn@nih.gov
65626539fc13ae16e74cd4a2,Jeramey Sisey,Twinte,jsiseydo@nba.com
65626539fc13ae16e74cd4a3,Bevvy Alexsandrev,Bluejam,balexsandrevdp@cnn.com
65626539fc13ae16e74cd4a4,Torin Knappett,Dabtype,tknappettdq@about.com
65626539fc13ae16e74cd4a5,Charlean Crosi,Skippad,ccrosidr@ameblo.jp
65626539fc13ae16e74cd4a6,Clint Vynoll,Eire,cvynollds@unblog.fr
65626539fc13ae16e74cd4a7,Mannie Luten,Yamia,mlutendt@buzzfeed.com
65626539fc13ae16e74cd4a8,Illa Auchterlony,DabZ,iauchterlonydu@dion.ne.jp
65626539fc13ae16e74cd4a9,Celka Balden,Skaboo,cbaldendv@g.co
65626539fc13ae16e74cd4aa,Willi Staynes,Dynabox,wstaynesdw@usa.gov
65626539fc13ae16e74cd4ab,Clark Petel,Fivechat,cpeteldx@desdev.cn
65626539fc13ae16e74cd4ac,Ana Howorth,Skimia,ahoworthdy@sciencedirect.com
65626539fc13ae16e74cd4ad,Fedora Inderwick,Gigaclub,finderwickdz@zimbio.com
65626539fc13ae16e74cd4ae,Franciska Luther,Meembee,fluthere0@bluehost.com
65626539fc13ae16e74cd4af,Myron Brounsell,Mybuzz,mbrounselle1@guardian.co.uk
65626539fc13ae16e74cd4b0,Ashlee Dudden,Quinu,aduddene2@dot.gov
65626539fc13ae16e74cd4b1,Winthrop Boerder,JumpXS,wboerdere3@live.com
65626539fc13ae16e74cd4b2,Bessie Wortley,Meejo,bwortleye4@geocities.com
65626539fc13ae16e74cd4b3,Arvin Andres,Devpulse,aandrese5@aol.com
65626539fc13ae16e74cd4b4,Hillery Grimstead,Realbridge,hgrimsteade6@ask.com
65626539fc13ae16e74cd4b5,Patty Daville,Trudoo,pdavillee7@reddit.com
65626539fc13ae16e74cd4b6,Aymer Woodcraft,Gabcube,awoodcrafte8@fda.gov
65626539fc13ae16e74cd4b7,Amie Shinefield,Voomm,ashinefielde9@amazon.de
65626539fc13ae16e74cd4b8,Gretel Pyatt,Meeveo,gpyattea@irs.gov
65626539fc13ae16e74cd4b9,Hadleigh Mates,Zoomzone,hmateseb@homestead.com
65626539fc13ae16e74cd4ba,Genovera Obington,Yozio,gobingtonec@domainmarket.com
65626539fc13ae16e74cd4bb,Fifi Saddleton,Realblab,fsaddletoned@vkontakte.ru
65626539fc13ae16e74cd4bc,Pru Croney,Kazio,pcroneyee@chronoengine.com
65626539fc13ae16e74cd4bd,Doralyn Giraudo,Photobean,dgiraudoef@acquirethisname.com
65626539fc13ae16e74cd4be,Karlie Klaassens,Izio,kklaassenseg@arstechnica.com
65626539fc13ae16e74cd4bf,Nike Ellingsworth,Wordware,nellingswortheh@dyndns.org
65626539fc13ae16e74cd4c0,Hercule Buntine,Photobug,hbuntineei@wsj.com
65626539fc13ae16e74cd4c1,Eadie Fawks,Blogpad,efawksej@hibu.com
65626539fc13ae16e74cd4c2,Slade Tamburo,Meemm,stamburoek@si.edu
65626539fc13ae16e74cd4c3,Emmit Salerno,Wikibox,esalernoel@washingtonpost.com
65626539fc13ae16e74cd4c4,Kale Retchless,Divape,kretchlessem@canalblog.com
65626539fc13ae16e74cd4c5,Barby Mityashin,Eamia,bmityashinen@fda.gov
65626539fc13ae16e74cd4c6,Eal Andreotti,Yadel,eandreottieo@google.com.br
65626539fc13ae16e74cd4c7,Otha Feldklein,Trudoo,ofeldkleinep@abc.net.au
65626539fc13ae16e74cd4c8,Nelie Ayres,Dabjam,nayreseq@nymag.com
65626539fc13ae16e74cd4c9,Suzanne Bartelot,Tazzy,sbarteloter@creativecommons.org
65626539fc13ae16e74cd4ca,Eldon Tow,Feedfire,etowes@discovery.com
65626539fc13ae16e74cd4cb,Tait De Stoop,LiveZ,tdeet@weebly.com
65626539fc13ae16e74cd4cc,Morten Ziemsen,Flashdog,mziemseneu@washingtonpost.com
65626539fc13ae16e74cd4cd,Mylo Haighton,Photojam,mhaightonev@aol.com
65626539fc13ae16e74cd4ce,Lothario Kloska,Miboo,lkloskaew@privacy.gov.au
65626539fc13ae16e74cd4cf,Alexis Killingbeck,Cogibox,akillingbeckex@godaddy.com
65626539fc13ae16e74cd4d0,Ginnie Matchett,Babbleblab,gmatchettey@1und1.de
65626539fc13ae16e74cd4d1,Zolly Klaussen,Dabjam,zklaussenez@alibaba.com
65626539fc13ae16e74cd4d2,Layne Byatt,Jaxspan,lbyattf0@adobe.com
65626539fc13ae16e74cd4d3,Kirbee Hebbron,Blognation,khebbronf1@symantec.com
65626539fc13ae16e74cd4d4,Suellen McLewd,Wordware,smclewdf2@bandcamp.com
65626539fc13ae16e74cd4d5,Carson Tapper,Zoovu,ctapperf3@cornell.edu
65626539fc13ae16e74cd4d6,Juliette Sivior,Divape,jsiviorf4@purevolume.com
65626539fc13ae16e74cd4d7,Julianne Fremantle,Meetz,jfremantlef5@springer.com
65626539fc13ae16e74cd4d8,Rudolph Low,Skivee,rlowf6@webeden.co.uk
65626539fc13ae16e74cd4d9,Elizabet Schrinel,Buzzdog,eschrinelf7@arstechnica.com
65626539fc13ae16e74cd4da,Duke Kalderon,Agivu,dkalderonf8@ow.ly
65626539fc13ae16e74cd4db,Peadar Ingleton,Skyvu,pingletonf9@slashdot.org
65626539fc13ae16e74cd4dc,Wes Wallhead,Ainyx,wwallheadfa@businesswire.com
65626539fc13ae16e74cd4dd,Roxi Hearnden,Eabox,rhearndenfb@youku.com
65626539fc13ae16e74cd4de,Josie MacAlinden,Ooba,jmacalindenfc@dailymotion.com
65626539fc13ae16e74cd4df,Dorey Wordsworth,Rhycero,dwordsworthfd@mac.com
65626539fc13ae16e74cd4e0,Thedrick Farthin,Wikido,tfarthinfe@sakura.ne.jp
65626539fc13ae16e74cd4e1,Angelina Yegorovnin,Einti,ayegorovninff@loc.gov
65626539fc13ae16e74cd4e2,Rickey Pelham,Lazzy,rpelhamfg@networkadvertising.org
65626539fc13ae16e74cd4e3,Lenore Clurow,Fatz,lclurowfh@vk.com
65626539fc13ae16e74cd4e4,Thia Bosson,Tagpad,tbossonfi@independent.co.uk
65626539fc13ae16e74cd4e5,Even Willshaw,Jabberstorm,ewillshawfj@360.cn
65626539fc13ae16e74cd4e6,Shani Glyde,Blogspan,sglydefk@tuttocitta.it
65626539fc13ae16e74cd4e7,Milicent Skitral,Meemm,mskitralfl@cocolog-nifty.com
65626539fc13ae16e74cd4e8,Derick Rubi,Zoombox,drubifm@bizjournals.com
65626539fc13ae16e74cd4e9,Shannen Pedrielli,Thoughtworks,spedriellifn@sciencedirect.com
65626539fc13ae16e74cd4ea,Odie Lillow,Tanoodle,olillowfo@usgs.gov
65626539fc13ae16e74cd4eb,Dalston Filyukov,Meevee,dfilyukovfp@un.org
65626539fc13ae16e74cd4ec,Davey Simoes,Brainbox,dsimoesfq@reddit.com
65626539fc13ae16e74cd4ed,Sindee Lowles,Vitz,slowlesfr@myspace.com
65626539fc13ae16e74cd4ee,Beltran Ianelli,Einti,bianellifs@illinois.edu
65626539fc13ae16e74cd4ef,Carrol Bonafant,Skyndu,cbonafantft@miibeian.gov.cn
65626539fc13ae16e74cd4f0,Ardene Clark,Blogspan,aclarkfu@indiegogo.com
65626539fc13ae16e74cd4f1,Rufus Romaines,Yodoo,rromainesfv@sfgate.com
65626539fc13ae16e74cd4f2,Alwin Trevillion,Youspan,atrevillionfw@tmall.com
65626539fc13ae16e74cd4f3,Arny MacRury,Tazzy,amacruryfx@sohu.com
65626539fc13ae16e74cd4f4,Hadleigh Dinsdale,Kimia,hdinsdalefy@wunderground.com
65626539fc13ae16e74cd4f5,Bart Gilfoy,Mynte,bgilfoyfz@cbsnews.com
65626539fc13ae16e74cd4f6,Wandis Poppleston,Quatz,wpopplestong0@cargocollective.com
65626539fc13ae16e74cd4f7,Dita Gainsbury,Leenti,dgainsburyg1@businessinsider.com
65626539fc13ae16e74cd4f8,Winne Caldecutt,Buzzbean,wcaldecuttg2@people.com.cn
65626539fc13ae16e74cd4f9,Shaun Keppe,Ailane,skeppeg3@soundcloud.com
65626539fc13ae16e74cd4fa,Adelheid Willcock,Yakidoo,awillcockg4@odnoklassniki.ru
65626539fc13ae16e74cd4fb,Valentin Bracci,Oyoloo,vbraccig5@usda.gov
65626539fc13ae16e74cd4fc,Binni Dziwisz,Fivechat,bdziwiszg6@dedecms.com
65626539fc13ae16e74cd4fd,Rycca Grayer,Kanoodle,rgrayerg7@sogou.com
65626539fc13ae16e74cd4fe,Rod Seydlitz,Zoombox,rseydlitzg8@vimeo.com
65626539fc13ae16e74cd4ff,Ross Boothby,Skajo,rboothbyg9@sbwire.com
65626539fc13ae16e74cd500,Dusty Locard,Ntag,dlocardga@goodreads.com
65626539fc13ae16e74cd501,Aggie Dyble,Kwilith,adyblegb@desdev.cn
65626539fc13ae16e74cd502,Aile Abbate,Nlounge,aabbategc@forbes.com
65626539fc13ae16e74cd503,Annette Yokel,Brainlounge,ayokelgd@ucoz.ru
65626539fc13ae16e74cd504,Baxie Leggat,Youopia,bleggatge@exblog.jp
65626539fc13ae16e74cd505,Norean Gheorghescu,Thoughtworks,ngheorghescugf@webeden.co.uk
65626539fc13ae16e74cd506,Gerome Blundan,Pixonyx,gblundangg@theguardian.com
65626539fc13ae16e74cd507,Daisy Threadgall,Demimbu,dthreadgallgh@google.ca
65626539fc13ae16e74cd508,Lloyd Mompesson,Jabbersphere,lmompessongi@amazon.co.jp
65626539fc13ae16e74cd509,Mannie Lettice,Rhyzio,mletticegj@pen.io
65626539fc13ae16e74cd50a,Bond Cremen,Flashspan,bcremengk@spiegel.de
65626539fc13ae16e74cd50b,Feliks Spraggon,Dynava,fspraggongl@nsw.gov.au
65626539fc13ae16e74cd50c,Abbe Raddin,Muxo,araddingm@domainmarket.com
65626539fc13ae16e74cd50d,Dagmar Andree,Browsecat,dandreegn@ed.gov
65626539fc13ae16e74cd50e,Carola Rafferty,Tagpad,craffertygo@nba.com
65626539fc13ae16e74cd50f,Dotti Niave,Babbleopia,dniavegp@histats.com
65626539fc13ae16e74cd510,Sena Gidley,Bubbletube,sgidleygq@google.ru
65626539fc13ae16e74cd511,Allister Wevell,Chatterpoint,awevellgr@last.fm
65626539fc13ae16e74cd512,Damiano Yakunikov,Thoughtbridge,dyakunikovgs@stumbleupon.com
65626539fc13ae16e74cd513,Horatio Winscomb,Zoombeat,hwinscombgt@nymag.com
65626539fc13ae16e74cd514,Daveta Trahar,Tagcat,dtrahargu@boston.com
65626539fc13ae16e74cd515,Marmaduke Broddle,Voolia,mbroddlegv@bloomberg.com
65626539fc13ae16e74cd516,Brear Lacotte,Avamba,blacottegw@usda.gov
65626539fc13ae16e74cd517,Glenn Hruska,Ozu,ghruskagx@narod.ru
65626539fc13ae16e74cd518,Gaultiero Goodfellow,Tagcat,ggoodfellowgy@hp.com
65626539fc13ae16e74cd519,Cristi Wason,Realbridge,cwasongz@ycombinator.com
65626539fc13ae16e74cd51a,Martica Liverseege,Mynte,mliverseegeh0@networkadvertising.org
65626539fc13ae16e74cd51b,Tan Willeman,Youbridge,twillemanh1@dropbox.com
65626539fc13ae16e74cd51c,Rakel Hebblewhite,Edgeclub,rhebblewhiteh2@nps.gov
65626539fc13ae16e74cd51d,Homer De Moreno,Photofeed,hdeh3@bigcartel.com
65626539fc13ae16e74cd51e,Rivkah Basire,Eadel,rbasireh4@tuttocitta.it
65626539fc13ae16e74cd51f,Peterus Menary,Skiptube,pmenaryh5@free.fr
65626539fc13ae16e74cd520,Grier Stowgill,Lajo,gstowgillh6@ebay.com
65626539fc13ae16e74cd521,Rosemarie Perigo,Mita,rperigoh7@alexa.com
65626539fc13ae16e74cd522,Malissa Nicolson,Aimbo,mnicolsonh8@photobucket.com
65626539fc13ae16e74cd523,Marita Berends,Mydo,mberendsh9@cam.ac.uk
65626539fc13ae16e74cd524,Gisella Heine,Gigaclub,gheineha@google.com.br
65626539fc13ae16e74cd525,Seka Arderne,Feedspan,sardernehb@photobucket.com
65626539fc13ae16e74cd526,Erminie Derrington,Aibox,ederringtonhc@fc2.com
65626539fc13ae16e74cd527,Vale Camelli,Babbleopia,vcamellihd@apple.com
65626539fc13ae16e74cd528,Toddy Egell,Camido,tegellhe@amazonaws.com
65626539fc13ae16e74cd529,Deloria Freeborn,BlogXS,dfreebornhf@dropbox.com
65626539fc13ae16e74cd52a,Sheilakathryn Layhe,Yakidoo,slayhehg@mit.edu
65626539fc13ae16e74cd52b,Corney Gayden,Twiyo,cgaydenhh@vimeo.com
65626539fc13ae16e74cd52c,Kenna Banger,Dabtype,kbangerhi@barnesandnoble.com
65626539fc13ae16e74cd52d,Kerrin Orto,Aibox,kortohj@desdev.cn
65626539fc13ae16e74cd52e,Jada Diable,Lazz,jdiablehk@yahoo.com
65626539fc13ae16e74cd52f,Jarad France,Vitz,jfrancehl@senate.gov
65626539fc13ae16e74cd530,Lucila O'Lyhane,Edgepulse,lolyhanehm@foxnews.com
65626539fc13ae16e74cd531,Sal Whimp,Tanoodle,swhimphn@thetimes.co.uk
65626539fc13ae16e74cd532,Ginni Clyma,DabZ,gclymaho@cisco.com
65626539fc13ae16e74cd533,Martha Palphramand,Flashpoint,mpalphramandhp@chronoengine.com
65626539fc13ae16e74cd534,Laurent Tellenbroker,Tagchat,ltellenbrokerhq@issuu.com
65626539fc13ae16e74cd535,Waldon Stanaway,Dazzlesphere,wstanawayhr@slate.com
65626539fc13ae16e74cd536,Portie Malitrott,Wordify,pmalitrotths@mayoclinic.com
65626539fc13ae16e74cd537,Merna Woodcraft,Edgeify,mwoodcraftht@buzzfeed.com
65626539fc13ae16e74cd538,Mireille Delany,Kamba,mdelanyhu@house.gov
65626539fc13ae16e74cd539,Vince Padfield,Vimbo,vpadfieldhv@jigsy.com
65626539fc13ae16e74cd53a,Adele Ashwin,Fiveclub,aashwinhw@wired.com
65626539fc13ae16e74cd53b,Kamillah Paviour,Skalith,kpaviourhx@shareasale.com
65626539fc13ae16e74cd53c,Bertrando Finnan,Meevee,bfinnanhy@skyrock.com
65626539fc13ae16e74cd53d,Phillipe Gynni,Dynazzy,pgynnihz@arizona.edu
65626539fc13ae16e74cd53e,Barret Johnikin,Browsedrive,bjohnikini0@yahoo.co.jp
65626539fc13ae16e74cd53f,Vaughn Amoss,Zoombox,vamossi1@nba.com
65626539fc13ae16e74cd540,Rosabelle Mathevon,Kwinu,rmathevoni2@oracle.com
65626539fc13ae16e74cd541,Ayn Shaughnessy,Buzzdog,ashaughnessyi3@pcworld.com
65626539fc13ae16e74cd542,Stephen Watters,Aimbu,swattersi4@msu.edu
65626539fc13ae16e74cd543,Erminie Serotsky,Realcube,eserotskyi5@privacy.gov.au
65626539fc13ae16e74cd544,Shay Kitchenman,Aimbo,skitchenmani6@unblog.fr
65626539fc13ae16e74cd545,Dore Simka,Realpoint,dsimkai7@wisc.edu
65626539fc13ae16e74cd546,Franciska Taffrey,Pixonyx,ftaffreyi8@tuttocitta.it
65626539fc13ae16e74cd547,Garret Bresson,Youfeed,gbressoni9@booking.com
65626539fc13ae16e74cd548,Bobby Mallia,Blogspan,bmalliaia@goo.ne.jp
65626539fc13ae16e74cd549,Lamont Leeburne,Jaloo,lleeburneib@google.es
65626539fc13ae16e74cd54a,Averell Benezet,Brightbean,abenezetic@netlog.com
65626539fc13ae16e74cd54b,Ronny McCloid,Roodel,rmccloidid@youtu.be
65626539fc13ae16e74cd54c,Gherardo Farenden,Browsebug,gfarendenie@accuweather.com
65626539fc13ae16e74cd54d,Caritta Erat,Twitterbeat,ceratif@wikispaces.com
65626539fc13ae16e74cd54e,Nichol Merington,Oloo,nmeringtonig@cisco.com
65626539fc13ae16e74cd54f,Juli Simionescu,Wordify,jsimionescuih@last.fm
65626539fc13ae16e74cd550,Amelina Danielsson,Oyope,adanielssonii@instagram.com
65626539fc13ae16e74cd551,Donnamarie Eaglen,Dablist,deaglenij@smh.com.au
65626539fc13ae16e74cd552,Tonia Janicijevic,Thoughtbridge,tjanicijevicik@chronoengine.com
65626539fc13ae16e74cd553,Clovis Kitcat,Wordtune,ckitcatil@nps.gov
65626539fc13ae16e74cd554,Norbie Esser,Devshare,nesserim@shutterfly.com
65626539fc13ae16e74cd555,Joey Fudger,Photofeed,jfudgerin@meetup.com
65626539fc13ae16e74cd556,Bax Iacovielli,Skiptube,biacovielliio@virginia.edu
65626539fc13ae16e74cd557,Nilson Eastridge,Trudoo,neastridgeip@google.nl
65626539fc13ae16e74cd558,Bamby Phripp,Shuffledrive,bphrippiq@scribd.com
65626539fc13ae16e74cd559,Camilla Shipway,Yodel,cshipwayir@google.pl
65626539fc13ae16e74cd55a,Cate Sketch,Tagchat,csketchis@chicagotribune.com
65626539fc13ae16e74cd55b,Lorenzo St. Hill,Divanoodle,lstit@arizona.edu
65626539fc13ae16e74cd55c,Darwin Lightning,Jabberbean,dlightningiu@opensource.org
65626539fc13ae16e74cd55d,Ninnetta MacGiolla Pheadair,Mudo,nmacgiollaiv@e-recht24.de
65626539fc13ae16e74cd55e,Lorinda Nutley,Babblestorm,lnutleyiw@oakley.com
65626539fc13ae16e74cd55f,Afton Qualtro,Fivebridge,aqualtroix@fc2.com
65626539fc13ae16e74cd560,Drucill Gilli,Oozz,dgilliiy@pbs.org
65626539fc13ae16e74cd561,Elayne Grindlay,Janyx,egrindlayiz@chron.com
65626539fc13ae16e74cd562,Brennan Weeds,Latz,bweedsj0@bluehost.com
65626539fc13ae16e74cd563,Brandea Betun,Buzzster,bbetunj1@sun.com
65626539fc13ae16e74cd564,Candida Wellard,Zazio,cwellardj2@rakuten.co.jp
65626539fc13ae16e74cd565,Horst Klimek,Tavu,hklimekj3@weibo.com
65626539fc13ae16e74cd566,Glenn Dinwoodie,Rhynoodle,gdinwoodiej4@smugmug.com
65626539fc13ae16e74cd567,Jewelle Lehrer,Shuffletag,jlehrerj5@ihg.com
65626539fc13ae16e74cd568,Chet Issacoff,Skiba,cissacoffj6@cbslocal.com
65626539fc13ae16e74cd569,Margit Reynault,Babbleset,mreynaultj7@noaa.gov
65626539fc13ae16e74cd56a,Casper Tosh,Topiclounge,ctoshj8@cnn.com
65626539fc13ae16e74cd56b,Norby Merrien,Centimia,nmerrienj9@jalbum.net
65626539fc13ae16e74cd56c,Beatrice Yeldham,Photojam,byeldhamja@flavors.me
65626539fc13ae16e74cd56d,Brittani Duffitt,Realmix,bduffittjb@wordpress.org
65626539fc13ae16e74cd56e,Odele Reneke,Pixoboo,orenekejc@yellowpages.com
65626539fc13ae16e74cd56f,Candace Tordoff,Flipstorm,ctordoffjd@xing.com
65626539fc13ae16e74cd570,Margarita Hallagan,Oyonder,mhallaganje@theguardian.com
65626539fc13ae16e74cd571,Melamie Petran,Skinder,mpetranjf@npr.org
65626539fc13ae16e74cd572,Elisha Dimitriou,Tagpad,edimitrioujg@techcrunch.com
65626539fc13ae16e74cd573,Miguelita Jaime,Meevee,mjaimejh@usgs.gov
65626539fc13ae16e74cd574,Lilia Sawart,Rhynyx,lsawartji@naver.com
65626539fc13ae16e74cd575,Mayne Poupard,Pixope,mpoupardjj@dailymail.co.uk
65626539fc13ae16e74cd576,Hobard Lathom,Devbug,hlathomjk@example.com
65626539fc13ae16e74cd577,Willa Sainthill,Voonyx,wsainthilljl@walmart.com
65626539fc13ae16e74cd578,Fanny Morrow,Buzzbean,fmorrowjm@sakura.ne.jp
65626539fc13ae16e74cd579,Neala Haucke,Meedoo,nhauckejn@arstechnica.com
65626539fc13ae16e74cd57a,Tiffie Stag,Thoughtstorm,tstagjo@netscape.com
65626539fc13ae16e74cd57b,Lek Camplin,Npath,lcamplinjp@github.io
65626539fc13ae16e74cd57c,Ronalda Ackerley,Trilia,rackerleyjq@nsw.gov.au
65626539fc13ae16e74cd57d,Antonin Bolton,Rhycero,aboltonjr@xinhuanet.com
65626539fc13ae16e74cd57e,Sibylla Di Domenico,Devcast,sdijs@china.com.cn
65626539fc13ae16e74cd57f,Brook Dimitrescu,Wikido,bdimitrescujt@cnet.com
65626539fc13ae16e74cd580,Janine Licence,Photobean,jlicenceju@epa.gov
65626539fc13ae16e74cd581,Farlay Smieton,Twimbo,fsmietonjv@samsung.com
65626539fc13ae16e74cd582,Rusty Reddel,Plambee,rreddeljw@rakuten.co.jp
65626539fc13ae16e74cd583,Chance Sigmund,Quimm,csigmundjx@washington.edu
65626539fc13ae16e74cd584,Brina Schwandermann,Jazzy,bschwandermannjy@purevolume.com
65626539fc13ae16e74cd585,Rubetta Thomerson,Skippad,rthomersonjz@addtoany.com
65626539fc13ae16e74cd586,Billi Chern,Tanoodle,bchernk0@blinklist.com
65626539fc13ae16e74cd587,Leland Blankman,Browsetype,lblankmank1@twitter.com
65626539fc13ae16e74cd588,Caro Culpan,Yacero,cculpank2@archive.org
65626539fc13ae16e74cd589,Cherice Bugdall,Jatri,cbugdallk3@360.cn
65626539fc13ae16e74cd58a,Catherin Cockrell,Meembee,ccockrellk4@eepurl.com
65626539fc13ae16e74cd58b,Hayward Magowan,Buzzbean,hmagowank5@istockphoto.com
65626539fc13ae16e74cd58c,Adelina Thwaite,Flashpoint,athwaitek6@virginia.edu
65626539fc13ae16e74cd58d,Shermy Benting,Brightbean,sbentingk7@cbsnews.com
65626539fc13ae16e74cd58e,Dennis Sayers,Bubblebox,dsayersk8@360.cn
65626539fc13ae16e74cd58f,Carny Dale,Plambee,cdalek9@vk.com
65626539fc13ae16e74cd590,Elianore Sawl,Quatz,esawlka@fema.gov
65626539fc13ae16e74cd591,Carlin Collicott,Photospace,ccollicottkb@ebay.com
65626539fc13ae16e74cd592,Mirabella Diament,Youfeed,mdiamentkc@about.me
65626539fc13ae16e74cd593,Joela Lethardy,JumpXS,jlethardykd@mac.com
65626539fc13ae16e74cd594,Katti Penson,Voonte,kpensonke@wikipedia.org
65626539fc13ae16e74cd595,Florenza Walkley,Eamia,fwalkleykf@networkadvertising.org
65626539fc13ae16e74cd596,Eddy Hanigan,Mydeo,ehanigankg@wordpress.com
65626539fc13ae16e74cd597,Tildie Morgon,Twitterlist,tmorgonkh@huffingtonpost.com
65626539fc13ae16e74cd598,Hildegaard Claussen,Gabtype,hclaussenki@cisco.com
65626539fc13ae16e74cd599,Dante Train,Quimba,dtrainkj@usda.gov
65626539fc13ae16e74cd59a,Shaylyn Pietrzyk,Twitterbeat,spietrzykkk@pagesperso-orange.fr
65626539fc13ae16e74cd59b,Errol Tzuker,Realbridge,etzukerkl@drupal.org
65626539fc13ae16e74cd59c,Amory Barby,Mudo,abarbykm@ihg.com
65626539fc13ae16e74cd59d,Valdemar MacCague,Linkbridge,vmaccaguekn@blogs.com
65626539fc13ae16e74cd59e,Eugenia Eytel,Blogtags,eeytelko@t.co
65626539fc13ae16e74cd59f,Bendicty Fink,Yodo,bfinkkp@wp.com
65626539fc13ae16e74cd5a0,Kellen Sandeson,Jamia,ksandesonkq@smh.com.au
65626539fc13ae16e74cd5a1,Emmaline Frankiss,Voonte,efrankisskr@prweb.com
65626539fc13ae16e74cd5a2,Yul Boustead,Skippad,ybousteadks@biglobe.ne.jp
65626539fc13ae16e74cd5a3,Giralda Scopyn,Aibox,gscopynkt@nhs.uk
65626539fc13ae16e74cd5a4,Rowney Georges,Dabshots,rgeorgesku@shop-pro.jp
65626539fc13ae16e74cd5a5,Myrilla Grayland,Edgeify,mgraylandkv@alibaba.com
65626539fc13ae16e74cd5a6,Nobe Barnaby,Devpoint,nbarnabykw@fda.gov
65626539fc13ae16e74cd5a7,Geoffrey Cradick,Aivee,gcradickkx@businessweek.com
65626539fc13ae16e74cd5a8,Tiffani Gouge,Bubblemix,tgougeky@cnbc.com
65626539fc13ae16e74cd5a9,Roth Carss,LiveZ,rcarsskz@biglobe.ne.jp
65626539fc13ae16e74cd5aa,Dory Joll,Eadel,djolll0@earthlink.net
65626539fc13ae16e74cd5ab,Codie Goodridge,Mybuzz,cgoodridgel1@slashdot.org
65626539fc13ae16e74cd5ac,Ian Bambury,Photospace,ibamburyl2@skype.com
65626539fc13ae16e74cd5ad,Borg Jacquet,Rhyzio,bjacquetl3@edublogs.org
65626539fc13ae16e74cd5ae,Farica Philipot,Ntags,fphilipotl4@latimes.com
65626539fc13ae16e74cd5af,Peria Cregeen,Camimbo,pcregeenl5@ihg.com
65626539fc13ae16e74cd5b0,Brittaney Horsey,Wikivu,bhorseyl6@cnn.com
65626539fc13ae16e74cd5b1,Gordie Gellier,Roombo,ggellierl7@sitemeter.com
65626539fc13ae16e74cd5b2,Hashim Arney,Plambee,harneyl8@harvard.edu
65626539fc13ae16e74cd5b3,Alexio Schruyer,Quinu,aschruyerl9@yolasite.com
65626539fc13ae16e74cd5b4,Sigfrid Laborde,Bluejam,slabordela@earthlink.net
65626539fc13ae16e74cd5b5,Bea De Brett,Brightdog,bdelb@nationalgeographic.com
65626539fc13ae16e74cd5b6,Waylen Checketts,Digitube,wcheckettslc@elpais.com
65626539fc13ae16e74cd5b7,Westleigh Dongles,Fiveclub,wdonglesld@prlog.org
65626539fc13ae16e74cd5b8,Tana Gallichan,Rhynyx,tgallichanle@tinypic.com
65626539fc13ae16e74cd5b9,Herbie Dallemore,Mudo,hdallemorelf@salon.com
65626539fc13ae16e74cd5ba,Hanny Alltimes,Devshare,halltimeslg@dagondesign.com
65626539fc13ae16e74cd5bb,Abran Spinke,Oba,aspinkelh@ameblo.jp
65626539fc13ae16e74cd5bc,Adorne Huband,Ozu,ahubandli@umich.edu
65626539fc13ae16e74cd5bd,Jenn Burnyate,Chatterbridge,jburnyatelj@wiley.com
65626539fc13ae16e74cd5be,Francklin Warstall,Jetwire,fwarstalllk@cnbc.com
65626539fc13ae16e74cd5bf,Errol Cornehl,Layo,ecornehlll@instagram.com
65626539fc13ae16e74cd5c0,Thorndike Trammel,Jabbercube,ttrammellm@google.cn
65626539fc13ae16e74cd5c1,Kane Dillaway,Dynava,kdillawayln@furl.net
65626539fc13ae16e74cd5c2,Hercule Witherup,Centimia,hwitheruplo@samsung.com
65626539fc13ae16e74cd5c3,Arel Moreton,Centizu,amoretonlp@hatena.ne.jp
65626539fc13ae16e74cd5c4,Stephanus Rodenburgh,Latz,srodenburghlq@dailymotion.com
65626539fc13ae16e74cd5c5,Alexine McNirlin,Pixope,amcnirlinlr@google.com.br
65626539fc13ae16e74cd5c6,Dunstan Karlolczak,Omba,dkarlolczakls@ihg.com
65626539fc13ae16e74cd5c7,Eal Bellhanger,Demimbu,ebellhangerlt@shutterfly.com
65626539fc13ae16e74cd5c8,Mechelle MacCollom,Dabvine,mmaccollomlu@wunderground.com
65626539fc13ae16e74cd5c9,Dominique Slate,Edgepulse,dslatelv@sohu.com
65626539fc13ae16e74cd5ca,Omero Avarne,Mybuzz,oavarnelw@disqus.com
65626539fc13ae16e74cd5cb,Nathanil Eyton,Realbridge,neytonlx@senate.gov
65626539fc13ae16e74cd5cc,Quintus Cluff,Zoombeat,qcluffly@japanpost.jp
65626539fc13ae16e74cd5cd,Roma Pfeifer,Photobug,rpfeiferlz@themeforest.net
65626539fc13ae16e74cd5ce,Malina Gullifant,Photobug,mgullifantm0@geocities.com
65626539fc13ae16e74cd5cf,Allan Methringham,Tagchat,amethringhamm1@geocities.com
65626539fc13ae16e74cd5d0,Otes Kobke,Zooxo,okobkem2@cnbc.com
65626539fc13ae16e74cd5d1,Henri Ierland,Katz,hierlandm3@theatlantic.com
65626539fc13ae16e74cd5d2,Krishnah Arlet,Skaboo,karletm4@harvard.edu
65626539fc13ae16e74cd5d3,Fabe Cathel,Skipstorm,fcathelm5@wordpress.org
65626539fc13ae16e74cd5d4,Aprilette Boatwright,Yakitri,aboatwrightm6@naver.com
65626539fc13ae16e74cd5d5,Garrot Luff,Kaymbo,gluffm7@bandcamp.com
65626539fc13ae16e74cd5d6,Marlee Fulks,Twinder,mfulksm8@newyorker.com
65626539fc13ae16e74cd5d7,Maryanna Poynser,Voonder,mpoynserm9@51.la
65626539fc13ae16e74cd5d8,Lina Brockherst,Eamia,lbrockherstma@over-blog.com
65626539fc13ae16e74cd5d9,Bert Furmedge,Topicblab,bfurmedgemb@infoseek.co.jp
65626539fc13ae16e74cd5da,Donall Paulusch,Oba,dpauluschmc@techcrunch.com
65626539fc13ae16e74cd5db,Myranda Farthin,Youspan,mfarthinmd@youtu.be
65626539fc13ae16e74cd5dc,Woody Treffrey,Flashset,wtreffreyme@cargocollective.com
65626539fc13ae16e74cd5dd,Christal Fowles,Flashset,cfowlesmf@sakura.ne.jp
65626539fc13ae16e74cd5de,Jeffrey Dulin,Bubblebox,jdulinmg@aol.com
65626539fc13ae16e74cd5df,Pincus Reford,Zooxo,prefordmh@clickbank.net
65626539fc13ae16e74cd5e0,Mace Lacky,Mita,mlackymi@oracle.com
65626539fc13ae16e74cd5e1,Iggy Krinks,Gabspot,ikrinksmj@google.fr
65626539fc13ae16e74cd5e2,Jamie Thorsen,Wordware,jthorsenmk@forbes.com
65626539fc13ae16e74cd5e3,Corilla Brandolini,Photojam,cbrandoliniml@behance.net
65626539fc13ae16e74cd5e4,Rebeca Tulloch,Yata,rtullochmm@sphinn.com
65626539fc13ae16e74cd5e5,Maureen Clinton,Rhybox,mclintonmn@surveymonkey.com
65626539fc13ae16e74cd5e6,Lynn Brydone,Ailane,lbrydonemo@csmonitor.com
65626539fc13ae16e74cd5e7,Torey Heinemann,Skidoo,theinemannmp@jugem.jp
65626539fc13ae16e74cd5e8,Monte Liversedge,Feedfire,mliversedgemq@ask.com
65626539fc13ae16e74cd5e9,Roth McCourt,Camimbo,rmccourtmr@yandex.ru
65626539fc13ae16e74cd5ea,Trisha Ronnay,Divavu,tronnayms@businessweek.com
65626539fc13ae16e74cd5eb,Aeriel Bricklebank,Oozz,abricklebankmt@ycombinator.com
65626539fc13ae16e74cd5ec,Janenna Renzo,Topicshots,jrenzomu@photobucket.com
65626539fc13ae16e74cd5ed,Constantine Kitchenham,Abata,ckitchenhammv@cnbc.com
65626539fc13ae16e74cd5ee,Flossy Semor,Avavee,fsemormw@blog.com
65626539fc13ae16e74cd5ef,Deloris Everix,Trilia,deverixmx@twitpic.com
65626539fc13ae16e74cd5f0,Adrea Jales,Rhycero,ajalesmy@blog.com
65626539fc13ae16e74cd5f1,Carole Sutehall,Brightdog,csutehallmz@archive.org
65626539fc13ae16e74cd5f2,Valaree Aveline,Browseblab,vavelinen0@chicagotribune.com
65626539fc13ae16e74cd5f3,Dorena Dunderdale,Topdrive,ddunderdalen1@google.de
65626539fc13ae16e74cd5f4,Teddy Knowlman,Devify,tknowlmann2@google.com.au
65626539fc13ae16e74cd5f5,Harlen Loalday,Topicblab,hloaldayn3@livejournal.com
65626539fc13ae16e74cd5f6,Imogen Ferby,Wordtune,iferbyn4@behance.net
65626539fc13ae16e74cd5f7,Felizio Matovic,Skaboo,fmatovicn5@parallels.com
65626539fc13ae16e74cd5f8,Antonin Carding,Kare,acardingn6@mediafire.com
65626539fc13ae16e74cd5f9,Kennett Ferrieroi,Mynte,kferrieroin7@edublogs.org
65626539fc13ae16e74cd5fa,Trevor Trask,Edgetag,ttraskn8@pbs.org
65626539fc13ae16e74cd5fb,Karalynn Cordle,Meetz,kcordlen9@goodreads.com
65626539fc13ae16e74cd5fc,Jaime De Domenici,Jabbersphere,jdena@ebay.com
65626539fc13ae16e74cd5fd,Reilly Tomini,Gevee,rtomininb@answers.com
65626539fc13ae16e74cd5fe,Sibylla Weich,Talane,sweichnc@a8.net
65626539fc13ae16e74cd5ff,Adah Domini,Jabberstorm,adominind@t.co
65626539fc13ae16e74cd600,Athene Aizikovitz,Pixope,aaizikovitzne@oracle.com
65626539fc13ae16e74cd601,Brewer Puden,Aimbo,bpudennf@bloglines.com
65626539fc13ae16e74cd602,Dreddy Seyers,Gevee,dseyersng@nbcnews.com
65626539fc13ae16e74cd603,Minne Urwin,Layo,murwinnh@gravatar.com
65626539fc13ae16e74cd604,Elfrieda Gerrey,Lajo,egerreyni@sina.com.cn
65626539fc13ae16e74cd605,Oralie Hurnell,Skyndu,ohurnellnj@webmd.com
65626539fc13ae16e74cd606,Craig Stendall,Tavu,cstendallnk@vk.com
65626539fc13ae16e74cd607,Kathy Richardt,Riffwire,krichardtnl@nationalgeographic.com
65626539fc13ae16e74cd608,Branden Billingsley,Dynazzy,bbillingsleynm@independent.co.uk
65626539fc13ae16e74cd609,Dominica Chapier,Brainsphere,dchapiernn@elpais.com
65626539fc13ae16e74cd60a,Elias Bernardon,Quaxo,ebernardonno@seattletimes.com
65626539fc13ae16e74cd60b,Julianne Saw,Janyx,jsawnp@prlog.org
65626539fc13ae16e74cd60c,Barthel Britzius,Yamia,bbritziusnq@weibo.com
65626539fc13ae16e74cd60d,Retha Siveter,Realfire,rsiveternr@cnn.com
65626539fc13ae16e74cd60e,Kirby George,Vitz,kgeorgens@delicious.com
65626539fc13ae16e74cd60f,Martita Kenan,Voonder,mkenannt@tripadvisor.com
65626539fc13ae16e74cd610,Calhoun Orknay,Quimba,corknaynu@themeforest.net
65626539fc13ae16e74cd611,Cullin Freemantle,Midel,cfreemantlenv@mozilla.org
65626539fc13ae16e74cd612,Udell Abilowitz,Layo,uabilowitznw@desdev.cn
65626539fc13ae16e74cd613,Ingunna Bahia,Ainyx,ibahianx@themeforest.net
65626539fc13ae16e74cd614,Byram Roderigo,Jayo,broderigony@ocn.ne.jp
65626539fc13ae16e74cd615,Felicio Ranvoise,Flashset,franvoisenz@prweb.com
65626539fc13ae16e74cd616,Hanan Campos,Demizz,hcamposo0@edublogs.org
65626539fc13ae16e74cd617,Dewain Eschelle,Twimm,deschelleo1@livejournal.com
65626539fc13ae16e74cd618,Tallie Eastup,Youspan,teastupo2@chron.com
65626539fc13ae16e74cd619,Gilbert Applin,Edgepulse,gapplino3@wikimedia.org
65626539fc13ae16e74cd61a,Deborah McIvor,Zoomlounge,dmcivoro4@1688.com
65626539fc13ae16e74cd61b,Nicolas Scopham,Podcat,nscophamo5@ca.gov
65626539fc13ae16e74cd61c,Adrienne Spurnier,Fadeo,aspurniero6@amazon.com
65626539fc13ae16e74cd61d,Staci Rey,Centizu,sreyo7@miitbeian.gov.cn
65626539fc13ae16e74cd61e,Maxine Laffin,Tavu,mlaffino8@weibo.com
65626539fc13ae16e74cd61f,Moore Phippen,Eadel,mphippeno9@statcounter.com
65626539fc13ae16e74cd620,Maison Callender,Twitterwire,mcallenderoa@blinklist.com
65626539fc13ae16e74cd621,Nissy Hacun,Demizz,nhacunob@wp.com
65626539fc13ae16e74cd622,Iain Dreier,Oodoo,idreieroc@nhs.uk
65626539fc13ae16e74cd623,Sayre Langmuir,Oyonder,slangmuirod@spotify.com
65626539fc13ae16e74cd624,Leeanne Robertazzi,Rooxo,lrobertazzioe@networksolutions.com
65626539fc13ae16e74cd625,Shirline Wittering,Jatri,switteringof@nature.com
65626539fc13ae16e74cd626,Marvin Hughes,Jabbercube,mhughesog@unc.edu
65626539fc13ae16e74cd627,Imogene Rae,Oyope,iraeoh@t-online.de
65626539fc13ae16e74cd628,Madison Culmer,Edgepulse,mculmeroi@newsvine.com
65626539fc13ae16e74cd629,Cullie Verdy,Jabberstorm,cverdyoj@google.fr
65626539fc13ae16e74cd62a,Thomas Davidovic,Meejo,tdavidovicok@friendfeed.com
65626539fc13ae16e74cd62b,Shari Dzenisenka,Mycat,sdzenisenkaol@google.pl
65626539fc13ae16e74cd62c,Simona Gallardo,Myworks,sgallardoom@parallels.com
65626539fc13ae16e74cd62d,Myca Bullen,Youtags,mbullenon@miibeian.gov.cn
65626539fc13ae16e74cd62e,Perice Bolmann,Voonix,pbolmannoo@wired.com
65626539fc13ae16e74cd62f,Pattie Cheetham,Skiba,pcheethamop@walmart.com
65626539fc13ae16e74cd630,Marris Martijn,Roombo,mmartijnoq@hc360.com
65626539fc13ae16e74cd631,Lemar Shoosmith,Livepath,lshoosmithor@seesaa.net
65626539fc13ae16e74cd632,Twyla Whitloe,Zoomcast,twhitloeos@webmd.com
65626539fc13ae16e74cd633,Norbert Casarili,Babblestorm,ncasariliot@twitter.com
65626539fc13ae16e74cd634,Bess Fender,Yambee,bfenderou@infoseek.co.jp
65626539fc13ae16e74cd635,Bernhard Manjin,Digitube,bmanjinov@intel.com
65626539fc13ae16e74cd636,Gerrie Hartegan,Zooxo,gharteganow@slideshare.net
65626539fc13ae16e74cd637,Sol Scarffe,Voomm,sscarffeox@naver.com
65626539fc13ae16e74cd638,Ferris Sitwell,Gabtune,fsitwelloy@admin.ch
65626539fc13ae16e74cd639,Agnola Feldmann,InnoZ,afeldmannoz@jigsy.com
65626539fc13ae16e74cd63a,Emmaline Colling,Quinu,ecollingp0@un.org
65626539fc13ae16e74cd63b,Bill Dmitr,Jabberbean,bdmitrp1@timesonline.co.uk
65626539fc13ae16e74cd63c,Alonzo Cozby,Snaptags,acozbyp2@bluehost.com
65626539fc13ae16e74cd63d,Marcelle Bestwerthick,Quinu,mbestwerthickp3@hc360.com
65626539fc13ae16e74cd63e,Darrell Abethell,JumpXS,dabethellp4@earthlink.net
65626539fc13ae16e74cd63f,Karie Ibbison,Fivebridge,kibbisonp5@kickstarter.com
65626539fc13ae16e74cd640,Henri Celand,Twinder,hcelandp6@msu.edu
65626539fc13ae16e74cd641,Patrica Frankum,Lazz,pfrankump7@wiley.com
65626539fc13ae16e74cd642,Winthrop Trewartha,Mycat,wtrewarthap8@accuweather.com
65626539fc13ae16e74cd643,Faydra Marquet,Yata,fmarquetp9@cam.ac.uk
65626539fc13ae16e74cd644,Curr Dundon,Ozu,cdundonpa@va.gov
65626539fc13ae16e74cd645,Ellery Biggadyke,Skimia,ebiggadykepb@nasa.gov
65626539fc13ae16e74cd646,Bucky Stowers,Cogidoo,bstowerspc@ft.com
65626539fc13ae16e74cd647,Adan Pointing,Bluezoom,apointingpd@symantec.com
65626539fc13ae16e74cd648,Sonia Emsley,Kanoodle,semsleype@reference.com
65626539fc13ae16e74cd649,Franni Hoofe,Divape,fhoofepf@moonfruit.com
65626539fc13ae16e74cd64a,Caroljean Dungey,Demivee,cdungeypg@scribd.com
65626539fc13ae16e74cd64b,Arden Mellsop,Twitterlist,amellsopph@smh.com.au
65626539fc13ae16e74cd64c,Putnam O'Keefe,Fadeo,pokeefepi@pcworld.com
65626539fc13ae16e74cd64d,Jocko Jewster,Vitz,jjewsterpj@theglobeandmail.com
65626539fc13ae16e74cd64e,Gustavo Cason,Youfeed,gcasonpk@toplist.cz
65626539fc13ae16e74cd64f,Tobey Benz,Youspan,tbenzpl@utexas.edu
65626539fc13ae16e74cd650,Winni Schiersch,Leenti,wschierschpm@wunderground.com
65626539fc13ae16e74cd651,Davina Ruske,Innojam,druskepn@pagesperso-orange.fr
65626539fc13ae16e74cd652,Gayla Merricks,Ainyx,gmerrickspo@mysql.com
65626539fc13ae16e74cd653,Cosme Packman,Quatz,cpackmanpp@hexun.com
65626539fc13ae16e74cd654,Charlot Nolton,Edgeblab,cnoltonpq@biglobe.ne.jp
65626539fc13ae16e74cd655,Brynna Alexandre,Tazz,balexandrepr@ed.gov
65626539fc13ae16e74cd656,Nadeen MacKeague,Twinder,nmackeagueps@dot.gov
65626539fc13ae16e74cd657,Duncan Timmins,Dabjam,dtimminspt@thetimes.co.uk
65626539fc13ae16e74cd658,Selle Garett,Wikido,sgarettpu@devhub.com
65626539fc13ae16e74cd659,Xymenes Bauduin,Topiclounge,xbauduinpv@homestead.com
65626539fc13ae16e74cd65a,Gilberte Pettendrich,Dynabox,gpettendrichpw@imdb.com
65626539fc13ae16e74cd65b,Lucy Voller,Buzzster,lvollerpx@stanford.edu
65626539fc13ae16e74cd65c,Cassaundra Wharmby,Aivee,cwharmbypy@wikipedia.org
65626539fc13ae16e74cd65d,Dot Giffaut,Youspan,dgiffautpz@macromedia.com
65626539fc13ae16e74cd65e,Friedrick Mallia,Fivespan,fmalliaq0@facebook.com
65626539fc13ae16e74cd65f,Rici Borgnol,Mita,rborgnolq1@acquirethisname.com
65626539fc13ae16e74cd660,Jaclyn Duckhouse,Blogtags,jduckhouseq2@weather.com
65626539fc13ae16e74cd661,Oswell Spacey,Wordware,ospaceyq3@rediff.com
65626539fc13ae16e74cd662,Harriett McFfaden,Camimbo,hmcffadenq4@github.com
65626539fc13ae16e74cd663,Kleon Charlesworth,Viva,kcharlesworthq5@digg.com
65626539fc13ae16e74cd664,Tremayne Offield,Devify,toffieldq6@ocn.ne.jp
65626539fc13ae16e74cd665,Marje Kluger,Dabjam,mklugerq7@nature.com
65626539fc13ae16e74cd666,Pancho Wisson,Izio,pwissonq8@pcworld.com
65626539fc13ae16e74cd667,Gill Lourens,Twitterwire,glourensq9@bigcartel.com
65626539fc13ae16e74cd668,Rainer Baytrop,Twitterlist,rbaytropqa@twitpic.com
65626539fc13ae16e74cd669,Paulie Rahlof,Youbridge,prahlofqb@ocn.ne.jp
65626539fc13ae16e74cd66a,Sindee McGrorty,Oodoo,smcgrortyqc@facebook.com
65626539fc13ae16e74cd66b,Zack Atthow,Rhynyx,zatthowqd@upenn.edu
6562653afc13ae16e74cd66c,Crystal Devil,Dynabox,cdevilqe@newsvine.com
6562653afc13ae16e74cd66d,Essie Richten,Kwinu,erichtenqf@bizjournals.com
6562653afc13ae16e74cd66e,Jamil Gelsthorpe,Janyx,jgelsthorpeqg@sun.com
6562653afc13ae16e74cd66f,Marigold Burnip,Jabbersphere,mburnipqh@narod.ru
6562653afc13ae16e74cd670,Harriott Dawltrey,Kamba,hdawltreyqi@theguardian.com
6562653afc13ae16e74cd671,Berty Avent,Fanoodle,baventqj@cdbaby.com
6562653afc13ae16e74cd672,Euphemia Fitzroy,Tagcat,efitzroyqk@cpanel.net
6562653afc13ae16e74cd673,Ardath Matyasik,Gabcube,amatyasikql@businessinsider.com
6562653afc13ae16e74cd674,Nancee Kimmitt,Livefish,nkimmittqm@tripod.com
6562653afc13ae16e74cd675,Andeee O Sullivan,Twimm,aoqn@cnet.com
6562653afc13ae16e74cd676,Osmond Darrell,Mudo,odarrellqo@goodreads.com
6562653afc13ae16e74cd677,Jonathan Titt,Realmix,jtittqp@google.co.jp
6562653afc13ae16e74cd678,Jeannette Parrett,Lazz,jparrettqq@mozilla.org
6562653afc13ae16e74cd679,Skipper Ray,Rhyloo,srayqr@statcounter.com
6562653afc13ae16e74cd67a,Maire Darwent,Feedfire,mdarwentqs@thetimes.co.uk
6562653afc13ae16e74cd67b,Gale Cardiff,Avamba,gcardiffqt@techcrunch.com
6562653afc13ae16e74cd67c,Moll Hancell,Yakijo,mhancellqu@zimbio.com
6562653afc13ae16e74cd67d,Hansiain Atterley,Voonix,hatterleyqv@people.com.cn
6562653afc13ae16e74cd67e,Nehemiah Hawler,Quinu,nhawlerqw@sphinn.com
6562653afc13ae16e74cd67f,Northrup Bernakiewicz,Photolist,nbernakiewiczqx@surveymonkey.com
6562653afc13ae16e74cd680,Karyl Garvey,Leexo,kgarveyqy@unesco.org
6562653afc13ae16e74cd681,Pepito Giacomazzo,Yodo,pgiacomazzoqz@qq.com
6562653afc13ae16e74cd682,Florette Jacobson,Muxo,fjacobsonr0@hao123.com
6562653afc13ae16e74cd683,Marian Clausen,Zoovu,mclausenr1@nifty.com
6562653afc13ae16e74cd684,Warner Mulvey,Gabspot,wmulveyr2@google.co.jp
6562653afc13ae16e74cd685,Babs Lurriman,Linkbuzz,blurrimanr3@state.gov
6562653afc13ae16e74cd686,Andrej Phillips,Oba,aphillipsr4@discovery.com
6562653afc13ae16e74cd687,Sunny Robion,Dabvine,srobionr5@joomla.org
6562653afc13ae16e74cd688,Marlane Puleston,Linkbuzz,mpulestonr6@ibm.com
6562653afc13ae16e74cd689,Idaline Everly,Oodoo,ieverlyr7@smugmug.com
6562653afc13ae16e74cd68a,Carey Canacott,Gigashots,ccanacottr8@com.com
6562653afc13ae16e74cd68b,Jerrylee McKoy,Meejo,jmckoyr9@youku.com
6562653afc13ae16e74cd68c,Jobey Malamore,Dynabox,jmalamorera@com.com
6562653afc13ae16e74cd68d,Whitman Hathaway,Plambee,whathawayrb@tiny.cc
6562653afc13ae16e74cd68e,Shaun Bau,Oodoo,sbaurc@earthlink.net
6562653afc13ae16e74cd68f,Moritz Cadwell,Lazzy,mcadwellrd@bloglovin.com
6562653afc13ae16e74cd690,Teodorico Worsom,Eabox,tworsomre@goodreads.com
6562653afc13ae16e74cd691,Andra Handlin,Brainverse,ahandlinrf@wikispaces.com
6562653afc13ae16e74cd692,Purcell Bezemer,Thoughtstorm,pbezemerrg@vistaprint.com
6562653afc13ae16e74cd693,Duky Penk,Twitterbeat,dpenkrh@earthlink.net
6562653afc13ae16e74cd694,Onida Belasco,Agivu,obelascori@yellowbook.com
6562653afc13ae16e74cd695,Juliette Thomel,Ooba,jthomelrj@xrea.com
6562653afc13ae16e74cd696,Stan Ferentz,Tanoodle,sferentzrk@google.cn
6562653afc13ae16e74cd697,Ulrick Ost,Babbleblab,uostrl@uol.com.br
6562653afc13ae16e74cd698,Panchito Fadden,Mybuzz,pfaddenrm@vistaprint.com
6562653afc13ae16e74cd699,Gilburt Kinnane,Layo,gkinnanern@networkadvertising.org
6562653afc13ae16e74cd69a,Francesco Digginson,Skidoo,fdigginsonro@java.com
6562653afc13ae16e74cd69b,Alaine Pawlicki,Yodel,apawlickirp@qq.com
6562653afc13ae16e74cd69c,Itch Plowman,Youspan,iplowmanrq@uol.com.br
6562653afc13ae16e74cd69d,Catharina Chavez,Wordware,cchavezrr@nymag.com
